,Date,OilPrice,OilVolume,GasPrice,GasVolume
0,2015-03-12,57.080001831055,129734.0,2.7339999675751,155481.0
1,2015-03-13,54.669998168945,84085.0,2.7269999980927,95866.0
2,2015-03-16,53.439998626709006,15638.0,2.7160000801086004,82668.0
3,2015-03-17,53.509998321533004,240285.0,2.8550000190735,159236.0
4,2015-03-18,55.909999847412,262440.0,2.920000076294,153505.0
5,2015-03-19,54.430000305176,209646.0,2.8129999637604,141093.0
6,2015-03-20,55.319999694824,186667.0,2.7860000133514,145544.0
7,2015-03-23,55.919998168945,191637.0,2.7330000400543,111016.0
8,2015-03-24,55.110000610352,197476.0,2.7860000133514,87787.0
9,2015-03-25,56.479999542236,256043.0,2.7230000495911004,54868.0
10,2015-03-26,59.189998626709006,334870.0,2.6719999313355,49630.0
11,2015-03-27,56.409999847412,223862.0,2.5899999141693,13458.0
12,2015-03-30,56.290000915527,220109.0,2.6440000534058,77701.0
13,2015-03-31,55.110000610352,238494.0,2.6400001049042,76705.0
14,2015-04-01,57.099998474121,256904.0,2.6050000190735,99015.0
15,2015-04-02,54.950000762939,288965.0,2.7130000591278,138646.0
16,2015-04-06,58.11999893188501,126804.0,2.6500000953674,70629.0
17,2015-04-07,59.099998474121,236714.0,2.6800000667572,105704.0
18,2015-04-08,55.549999237061,250564.0,2.6189999580383,131934.0
19,2015-04-09,56.569999694824,174812.0,2.5280001163482995,171401.0
20,2015-04-10,57.86999893188501,137659.0,2.5109999179840004,120054.0
21,2015-04-13,57.930000305176,119317.0,2.5109999179840004,150880.0
22,2015-04-14,58.430000305176,106803.0,2.5299999713898,145591.0
23,2015-04-15,60.319999694824,21182.0,2.6099998950958,136769.0
24,2015-04-16,63.979999542236,293485.0,2.6840000152587997,186382.0
25,2015-04-17,63.450000762939,220117.0,2.6340000629425,86587.0
26,2015-04-20,63.450000762939,239802.0,2.5360000133514,118341.0
27,2015-04-21,62.080001831055,218306.0,2.5750000476837003,103646.0
28,2015-04-22,62.729999542236,230058.0,2.6059999465942,83370.0
29,2015-04-23,64.849998474121,326736.0,2.5309998989105003,133446.0
30,2015-04-24,65.279998779297,259489.0,2.5309998989105003,39874.0
31,2015-04-27,64.830001831055,189765.0,2.4900000095367,69051.0
32,2015-04-28,64.639999389648,196461.0,2.5169999599457,11834.0
33,2015-04-29,65.839996337891,238435.0,2.6059999465942,108178.0
34,2015-04-30,66.779998779297,223481.0,2.7509999275207995,228134.0
35,2015-05-01,66.459999084473,189316.0,2.7760000228882005,118891.0
36,2015-05-04,66.449996948242,120212.0,2.8210000991821005,86811.0
37,2015-05-05,67.519996643066,255639.0,2.7799999713898,83526.0
38,2015-05-06,67.769996643066,296738.0,2.7760000228882005,111314.0
39,2015-05-07,65.540000915527,292892.0,2.7339999675751,149382.0
40,2015-05-08,65.389999389648,248593.0,2.8800001144409,201286.0
41,2015-05-11,64.910003662109,202511.0,2.8020000457764,124584.0
42,2015-05-12,66.860000610352,183265.0,2.8970000743866002,153769.0
43,2015-05-13,66.80999755859399,120834.0,2.9349999427794997,142743.0
44,2015-05-14,66.589996337891,23192.0,3.0079998970032,184911.0
45,2015-05-15,66.80999755859399,206137.0,3.0160000324249,96222.0
46,2015-05-18,66.269996643066,198219.0,3.0099999904633,95155.0
47,2015-05-19,64.019996643066,253354.0,2.9479999542236,194666.0
48,2015-05-20,65.029998779297,210395.0,2.914999961853,113970.0
49,2015-05-21,66.540000915527,250909.0,2.9489998817444,146213.0
50,2015-05-22,65.370002746582,184554.0,2.8870000839233,65659.0
51,2015-05-26,63.720001220703004,224131.0,2.8220000267029,59021.0
52,2015-05-27,62.060001373290994,257061.0,2.8150000572205003,11494.0
53,2015-05-28,62.580001831055,238590.0,2.7060000896454,167786.0
54,2015-05-29,65.55999755859399,278461.0,2.6419999599457,126730.0
55,2015-06-01,64.879997253418,217982.0,2.6489999294281,125928.0
56,2015-06-02,65.48999786377,245909.0,2.6979999542236,145374.0
57,2015-06-03,63.799999237061,262656.0,2.6340000629425,128116.0
58,2015-06-04,62.029998779296996,235207.0,2.6259999275208,166240.0
59,2015-06-05,63.310001373290994,248872.0,2.5899999141693,131559.0
60,2015-06-08,62.689998626709006,205404.0,2.704999923706,170731.0
61,2015-06-09,64.879997253418,223355.0,2.845999956131,246116.0
62,2015-06-10,65.699996948242,210396.0,2.8910000324249,225845.0
63,2015-06-11,65.110000610352,113456.0,2.8250000476837003,188958.0
64,2015-06-12,63.86999893188501,101413.0,2.75,144900.0
65,2015-06-15,62.610000610352,26681.0,2.8889999389648,169330.0
66,2015-06-16,63.700000762939,279742.0,2.8940000534058,157271.0
67,2015-06-17,63.86999893188501,331877.0,2.8550000190735,166029.0
68,2015-06-18,64.26000213623,217210.0,2.7769999504088996,149242.0
69,2015-06-19,63.020000457764,216169.0,2.8159999847412003,117265.0
70,2015-06-22,63.340000152588,216386.0,2.7330000400543,117991.0
71,2015-06-23,64.449996948242,266021.0,2.7260000705719,105582.0
72,2015-06-24,63.490001678466996,256385.0,2.7590000629425,39837.0
73,2015-06-25,63.200000762939,213751.0,2.8499999046326,60077.0
74,2015-06-26,63.259998321533004,212119.0,2.7730000019073,0.0
75,2015-06-29,62.009998321533004,266549.0,2.8050000667572004,123712.0
76,2015-06-30,63.590000152588,256884.0,2.8320000171661,115062.0
77,2015-07-01,62.009998321533004,266621.0,2.7829999923706,124691.0
78,2015-07-02,62.069999694824,206002.0,2.8220000267029,156307.0
79,2015-07-06,56.540000915527,294894.0,2.7560000419617,134798.0
80,2015-07-07,56.849998474121,331586.0,2.7160000801086004,128811.0
81,2015-07-08,57.049999237061,301107.0,2.6849999427794997,123555.0
82,2015-07-09,58.610000610352,277592.0,2.7260000705719,133123.0
83,2015-07-10,58.729999542236,154371.0,2.7699999809265,125442.0
84,2015-07-13,57.849998474121,176870.0,2.864000082016,183790.0
85,2015-07-14,58.509998321533004,143123.0,2.8399999141692995,151862.0
86,2015-07-15,57.049999237061,79694.0,2.9179999828339,147619.0
87,2015-07-16,57.509998321533004,14289.0,2.8540000915527,146190.0
88,2015-07-17,57.099998474121,157126.0,2.8699998855591,91164.0
89,2015-07-20,56.650001525879,161060.0,2.8229999542236,141069.0
90,2015-07-21,57.040000915527,188877.0,2.8819999694823997,94008.0
91,2015-07-22,56.13000106811499,221457.0,2.8970000743866002,108390.0
92,2015-07-23,55.270000457764,207129.0,2.8159999847412003,181461.0
93,2015-07-24,54.61999893188501,195038.0,2.7760000228882005,62907.0
94,2015-07-27,53.470001220703004,226373.0,2.7890000343323,44020.0
95,2015-07-28,53.299999237061,290602.0,2.8210000991821005,52150.0
96,2015-07-29,53.38000106811499,290427.0,2.885999917984,10819.0
97,2015-07-30,53.310001373290994,217285.0,2.7679998874663996,146547.0
98,2015-07-31,52.209999084473,212823.0,2.7160000801086004,117368.0
99,2015-08-03,49.520000457764,306500.0,2.7479999065398997,130214.0
100,2015-08-04,49.990001678466996,221652.0,2.8120000362396,140061.0
101,2015-08-05,49.590000152588,280763.0,2.7980000972748,170367.0
102,2015-08-06,49.520000457764,236356.0,2.8129999637604,190872.0
103,2015-08-07,48.610000610352,245821.0,2.7980000972748,155079.0
104,2015-08-10,50.409999847412,208257.0,2.8420000076294,132721.0
105,2015-08-11,49.180000305176,223213.0,2.8440001010895,143152.0
106,2015-08-12,49.659999847412,153807.0,2.930999994278,197562.0
107,2015-08-13,49.220001220703004,115920.0,2.7869999408722,246314.0
108,2015-08-14,49.029998779296996,21365.0,2.8010001182556,97799.0
109,2015-08-17,48.740001678466996,195605.0,2.7279999256133998,120545.0
110,2015-08-18,48.810001373290994,191533.0,2.7039999961852996,105540.0
111,2015-08-19,47.159999847412,250806.0,2.7160000801086004,85957.0
112,2015-08-20,46.61999893188501,221543.0,2.7550001144409,142290.0
113,2015-08-21,45.459999084473,231795.0,2.6760001182556,114837.0
114,2015-08-24,42.689998626709,305733.0,2.6500000953674,105379.0
115,2015-08-25,43.209999084473,292102.0,2.6849999427794997,46664.0
116,2015-08-26,43.139999389648,267561.0,2.6930000782012997,33493.0
117,2015-08-27,47.560001373290994,333701.0,2.6380000114441002,9814.0
118,2015-08-28,50.049999237061,418778.0,2.7149999141692995,80832.0
119,2015-08-31,54.150001525879,321317.0,2.6889998912811,87735.0
120,2015-09-01,49.560001373290994,373639.0,2.7019999027252,94139.0
121,2015-09-02,50.5,324837.0,2.6480000019073,81044.0
122,2015-09-03,50.680000305176,270544.0,2.7249999046326,157041.0
123,2015-09-04,49.610000610352,221220.0,2.6549999713898,105076.0
124,2015-09-08,49.520000457764,253288.0,2.710000038147,142154.0
125,2015-09-09,47.580001831055,173222.0,2.6510000228882005,129970.0
126,2015-09-10,48.889999389648,192415.0,2.683000087738,184221.0
127,2015-09-11,48.139999389648,143408.0,2.6930000782012997,104410.0
128,2015-09-14,46.36999893188501,104057.0,2.7579998970032,147615.0
129,2015-09-15,46.63000106811499,18462.0,2.7279999256133998,99554.0
130,2015-09-16,49.75,288333.0,2.6600000858307,134433.0
131,2015-09-17,49.080001831055,228857.0,2.6519999504088996,103117.0
132,2015-09-18,47.470001220703004,225724.0,2.6050000190735,84023.0
133,2015-09-21,48.919998168945,179898.0,2.5729999542236,95586.0
134,2015-09-22,49.080001831055,185413.0,2.5769999027252,99088.0
135,2015-09-23,47.75,232269.0,2.569000005722,102002.0
136,2015-09-24,48.169998168945,198036.0,2.5910000801086,73238.0
137,2015-09-25,48.599998474121,189403.0,2.5639998912811004,63285.0
138,2015-09-28,47.340000152588,188283.0,2.5629999637604,11240.0
139,2015-09-29,48.229999542236,181413.0,2.5859999656677,115762.0
140,2015-09-30,48.36999893188501,219886.0,2.5239999294281,131356.0
141,2015-10-01,47.689998626709006,239316.0,2.433000087738,165222.0
142,2015-10-02,48.13000106811499,201586.0,2.4509999752044997,113070.0
143,2015-10-05,49.25,215447.0,2.4500000476837003,103985.0
144,2015-10-06,51.919998168945,303579.0,2.4700000286102,140217.0
145,2015-10-07,51.330001831055,299914.0,2.4739999771117995,163423.0
146,2015-10-08,53.049999237061,219938.0,2.4979999065399,176167.0
147,2015-10-09,52.650001525879,174338.0,2.5020000934601,134032.0
148,2015-10-12,49.860000610352,166832.0,2.5350000858307,134727.0
149,2015-10-13,49.240001678466996,108370.0,2.4979999065399,149909.0
150,2015-10-14,49.150001525879,63280.0,2.5179998874664,146825.0
151,2015-10-15,48.709999084473,16785.0,2.4530000686645,179397.0
152,2015-10-16,50.459999084473,225956.0,2.4300000667572,119252.0
153,2015-10-19,48.610000610352,223306.0,2.441999912262,95860.0
154,2015-10-20,48.709999084473,253325.0,2.4760000705719,147317.0
155,2015-10-21,47.849998474121,244638.0,2.404000043869,156828.0
156,2015-10-22,48.080001831055,201591.0,2.3859999179840004,138906.0
157,2015-10-23,47.990001678466996,242056.0,2.2860000133514,107554.0
158,2015-10-26,47.540000915527,193978.0,2.0620000362396,133205.0
159,2015-10-27,46.810001373290994,243114.0,2.0920000076294,76120.0
160,2015-10-28,49.049999237061,306597.0,2.0329999923706,12817.0
161,2015-10-29,48.799999237061,213925.0,2.2569999694823997,154664.0
162,2015-10-30,49.560001373290994,238590.0,2.3210000991821,186377.0
163,2015-11-02,48.790000915527,224283.0,2.2560000419617,122901.0
164,2015-11-03,50.540000915527,283357.0,2.2530000209808,128360.0
165,2015-11-04,48.580001831055,328135.0,2.2620000839233,124176.0
166,2015-11-05,47.979999542236,227998.0,2.3640000820159996,174266.0
167,2015-11-06,47.419998168945,245485.0,2.3710000514983998,182939.0
168,2015-11-09,47.189998626709006,202178.0,2.2999999523162997,151379.0
169,2015-11-10,47.439998626709006,206340.0,2.3199999332428,149632.0
170,2015-11-11,45.810001373290994,193335.0,2.2630000114441002,162914.0
171,2015-11-12,44.060001373290994,132491.0,2.2599999904633,151541.0
172,2015-11-13,43.610000610352,28631.0,2.3610000610352,167723.0
173,2015-11-16,44.560001373290994,310123.0,2.3849999904633,157363.0
174,2015-11-17,43.569999694824,260695.0,2.3710000514983998,125018.0
175,2015-11-18,44.139999389648,255682.0,2.3469998836517005,104245.0
176,2015-11-19,44.180000305176,201033.0,2.2760000228882005,146821.0
177,2015-11-20,44.659999847412,245339.0,2.1449999809265,136869.0
178,2015-11-23,44.830001831055,290998.0,2.210000038147,83260.0
179,2015-11-24,46.11999893188501,271930.0,2.2000000476837003,57912.0
180,2015-11-25,46.169998168945,229114.0,2.2060000896454,10361.0
181,2015-11-27,44.860000610352,165308.0,2.2119998931885,68463.0
182,2015-11-30,44.610000610352,235944.0,2.2349998950958,93354.0
183,2015-12-01,44.439998626709006,301200.0,2.2309999465942,140269.0
184,2015-12-02,42.490001678467,324059.0,2.164999961853,133512.0
185,2015-12-03,43.840000152588,271482.0,2.180999994278,143065.0
186,2015-12-04,43.0,345828.0,2.1860001087188996,85242.0
187,2015-12-07,40.729999542236,272442.0,2.066999912262,188741.0
188,2015-12-08,40.259998321533,328376.0,2.0699999332428,172495.0
189,2015-12-09,40.110000610352,284646.0,2.0620000362396,153581.0
190,2015-12-10,39.729999542236,188988.0,2.0150001049041997,186400.0
191,2015-12-11,37.930000305176,167311.0,1.9900000095366999,168113.0
192,2015-12-14,37.919998168945,115119.0,1.8940000534058001,140549.0
193,2015-12-15,38.450000762939,73703.0,1.8220000267029,171961.0
194,2015-12-16,37.189998626709,18232.0,1.789999961853,157968.0
195,2015-12-17,37.060001373291,200845.0,1.7549999952316,213109.0
196,2015-12-18,36.880001068115,218042.0,1.7669999599456998,150915.0
197,2015-12-21,36.349998474121,175115.0,1.9110000133513998,182619.0
198,2015-12-22,36.110000610352,166304.0,1.8880000114441002,112282.0
199,2015-12-23,37.360000610352,196978.0,1.9830000400543002,102217.0
200,2015-12-24,37.889999389648,111015.0,2.029000043869,47512.0
201,2015-12-28,36.619998931885,84344.0,2.2279999256134,65772.0
202,2015-12-29,37.790000915527,171677.0,2.3719999790192,12457.0
203,2015-12-30,36.459999084473,173512.0,2.2139999866486,134926.0
204,2015-12-31,37.279998779296996,149598.0,2.3369998931885,144665.0
205,2016-01-04,37.220001220703004,321841.0,2.3340001106262003,135238.0
206,2016-01-05,36.419998168945,275471.0,2.3250000476837003,123923.0
207,2016-01-06,34.229999542236,296862.0,2.2669999599457,166278.0
208,2016-01-07,33.75,291511.0,2.3819999694823997,214462.0
209,2016-01-08,33.549999237061,206974.0,2.4719998836517005,163907.0
210,2016-01-11,31.549999237061,202062.0,2.3959999084473,146842.0
211,2016-01-12,30.860000610352,142525.0,2.2569999694823997,157603.0
212,2016-01-13,30.309999465942003,91957.0,2.2690000534058,137810.0
213,2016-01-14,31.030000686645998,16390.0,2.1389999389648,156658.0
214,2016-01-15,28.940000534057997,344461.0,2.0999999046326,103815.0
215,2016-01-19,28.760000228882,419479.0,2.0910000801086,133091.0
216,2016-01-20,27.879999160767003,375397.0,2.1180000305176003,106102.0
217,2016-01-21,29.25,394256.0,2.1380000114441002,161148.0
218,2016-01-22,32.180000305176,407784.0,2.1389999389648,92561.0
219,2016-01-25,30.5,310139.0,2.1579999923706,59778.0
220,2016-01-26,31.799999237061,335094.0,2.1800000667572,47007.0
221,2016-01-27,33.099998474121,257108.0,2.1889998912811004,11477.0
222,2016-01-28,33.889999389648,195144.0,2.1819999217987003,183962.0
223,2016-01-29,34.740001678467,29658.0,2.2980000972748,181501.0
224,2016-02-01,34.240001678467,331872.0,2.1519999504088996,174774.0
225,2016-02-02,32.720001220703004,346885.0,2.0250000953674,215715.0
226,2016-02-03,35.040000915527,396576.0,2.0380001068115,124472.0
227,2016-02-04,34.459999084473,323933.0,1.972000002861,153156.0
228,2016-02-05,34.060001373291,296567.0,2.0629999637604,165224.0
229,2016-02-08,32.880001068115,211549.0,2.1400001049041997,197084.0
230,2016-02-09,30.319999694824,305766.0,2.0980000495911004,144489.0
231,2016-02-10,30.840000152588,332987.0,2.0460000038147,147136.0
232,2016-02-11,30.059999465942003,347586.0,1.9939999580382999,163827.0
233,2016-02-12,33.360000610352,394479.0,1.9659999608993,102013.0
234,2016-02-16,32.180000305176,398492.0,1.902999997139,135735.0
235,2016-02-17,34.5,355922.0,1.9420000314712,108686.0
236,2016-02-18,34.279998779296996,324096.0,1.8519999980927,144732.0
237,2016-02-19,33.009998321533,287089.0,1.8040000200272,110286.0
238,2016-02-22,34.689998626709,233332.0,1.8209999799728,92455.0
239,2016-02-23,33.270000457764,348078.0,1.7819999456406,54649.0
240,2016-02-24,34.409999847412,344004.0,1.777999997139,41977.0
241,2016-02-25,35.290000915527,210573.0,1.7109999656677,11512.0
242,2016-02-26,35.099998474121,126420.0,1.7910000085831002,115553.0
243,2016-02-29,35.970001220703004,30235.0,1.7109999656677,173244.0
244,2016-03-01,36.810001373291,276263.0,1.7419999837875,192966.0
245,2016-03-02,36.930000305176,278167.0,1.6779999732971,128726.0
246,2016-03-03,37.069999694824,256490.0,1.6390000581741002,139558.0
247,2016-03-04,38.720001220703004,295792.0,1.6660000085831002,100277.0
248,2016-03-07,40.840000152588,341913.0,1.6900000572205,158881.0
249,2016-03-08,39.650001525879,352250.0,1.7120000123978,147454.0
250,2016-03-09,41.069999694824,333486.0,1.7519999742508001,160681.0
251,2016-03-10,40.049999237061,287782.0,1.7879999876022,183310.0
252,2016-03-11,40.389999389648,276648.0,1.8220000267029,135380.0
253,2016-03-14,39.529998779296996,264706.0,1.819000005722,111237.0
254,2016-03-15,38.740001678467,224361.0,1.8509999513626,137266.0
255,2016-03-16,40.330001831055,263872.0,1.8680000305176,112156.0
256,2016-03-17,41.540000915527,249228.0,1.9359999895096,172241.0
257,2016-03-18,41.200000762939,286653.0,1.9069999456406,122652.0
258,2016-03-21,41.540000915527,234102.0,1.8279999494552999,139542.0
259,2016-03-22,41.790000915527,268210.0,1.8630000352859,116291.0
260,2016-03-23,40.470001220703004,240906.0,1.7940000295639,121750.0
261,2016-03-24,40.439998626709,203276.0,1.805999994278,64618.0
262,2016-03-28,40.270000457764,78614.0,1.8480000495911002,55160.0
263,2016-03-29,39.139999389648,149529.0,1.902999997139,10786.0
264,2016-03-30,39.259998321533,103118.0,1.9960000514984,116072.0
265,2016-03-31,39.599998474121,27797.0,1.9589999914168998,184464.0
266,2016-04-01,38.669998168945,286168.0,1.9559999704361,115458.0
267,2016-04-04,37.689998626709,286653.0,1.9980000257491999,158616.0
268,2016-04-05,37.869998931885,296446.0,1.9539999961853,136280.0
269,2016-04-06,39.840000152588,323374.0,1.9110000133513998,123746.0
270,2016-04-07,39.430000305176,308721.0,2.0179998874664,214842.0
271,2016-04-08,41.939998626709,340222.0,1.9900000095366999,163135.0
272,2016-04-11,42.830001831055,279920.0,1.9119999408722,158321.0
273,2016-04-12,44.689998626709006,357354.0,2.0039999485016002,175353.0
274,2016-04-13,44.180000305176,348587.0,2.0360000133514,164613.0
275,2016-04-14,43.840000152588,234367.0,1.9700000286102,147139.0
276,2016-04-15,43.099998474121,285166.0,1.9019999504088998,137689.0
277,2016-04-18,42.909999847412,383372.0,1.9400000572205,128242.0
278,2016-04-19,44.029998779296996,355947.0,2.0880000591278,179590.0
279,2016-04-20,45.799999237061,297260.0,2.069000005722,189782.0
280,2016-04-21,44.529998779296996,312602.0,2.0680000782012997,147696.0
281,2016-04-22,45.110000610352,272848.0,2.1400001049041997,155814.0
282,2016-04-25,44.479999542236,211675.0,2.0629999637604,66033.0
283,2016-04-26,45.740001678466996,199235.0,2.0320000648498002,55326.0
284,2016-04-27,47.180000305176,150793.0,1.9950000047684,14217.0
285,2016-04-28,48.139999389648,113083.0,2.0780000686645,181446.0
286,2016-04-29,48.13000106811499,29515.0,2.1779999732971,228083.0
287,2016-05-02,45.830001831055,168090.0,2.0420000553131,161764.0
288,2016-05-03,44.970001220703004,276403.0,2.0859999656676997,125188.0
289,2016-05-04,44.61999893188501,293821.0,2.1410000324249,131086.0
290,2016-05-05,45.009998321533004,280794.0,2.0759999752044997,148472.0
291,2016-05-06,45.36999893188501,283651.0,2.1010000705719,128478.0
292,2016-05-09,43.63000106811499,364584.0,2.0980000495911004,109455.0
293,2016-05-10,45.520000457764,343209.0,2.1579999923706,137449.0
294,2016-05-11,47.599998474121,381737.0,2.1730000972748,154963.0
295,2016-05-12,48.080001831055,353848.0,2.1549999713898,144823.0
296,2016-05-13,47.830001831055,239047.0,2.095999956131,169395.0
297,2016-05-16,48.970001220703004,294377.0,2.029000043869,122627.0
298,2016-05-17,49.279998779296996,262324.0,2.0480000972748,114930.0
299,2016-05-18,48.930000305176,319810.0,2.0009999275208,129144.0
300,2016-05-19,48.810001373290994,302095.0,2.0390000343323003,175780.0
301,2016-05-20,48.720001220703004,255583.0,2.0620000362396,108443.0
302,2016-05-23,48.349998474121,225090.0,2.0550000667572,106263.0
303,2016-05-24,48.610000610352,211583.0,1.9800000190735,80233.0
304,2016-05-25,49.740001678466996,237787.0,1.9919999837875,54778.0
305,2016-05-26,49.590000152588,221255.0,1.9630000591278,14245.0
306,2016-05-27,49.319999694824,130178.0,2.1689999103546,124443.0
307,2016-05-31,49.689998626709006,28690.0,2.2880001068115,194034.0
308,2016-06-01,49.720001220703004,265995.0,2.3810000419617,209914.0
309,2016-06-02,50.040000915527,270116.0,2.4049999713898,155782.0
310,2016-06-03,49.639999389648,227821.0,2.3980000019073,135938.0
311,2016-06-06,50.549999237061,223756.0,2.4660000801086,150658.0
312,2016-06-07,51.439998626709006,208823.0,2.4739999771117995,169660.0
313,2016-06-08,52.509998321533004,260745.0,2.4679999351502,163427.0
314,2016-06-09,51.950000762939,213124.0,2.6170001029968,280217.0
315,2016-06-10,50.540000915527,210059.0,2.555999994278,165068.0
316,2016-06-13,50.349998474121,208806.0,2.585000038147,163311.0
317,2016-06-14,49.830001831055,224005.0,2.6040000915527,158697.0
318,2016-06-15,48.970001220703004,298839.0,2.5950000286102,107729.0
319,2016-06-16,47.189998626709006,287302.0,2.579999923706,149526.0
320,2016-06-17,49.169998168945,222734.0,2.6229999065399,127814.0
321,2016-06-20,50.650001525879,244410.0,2.7469999790192,158498.0
322,2016-06-21,50.61999893188501,256951.0,2.7679998874663996,124578.0
323,2016-06-22,49.88000106811499,282721.0,2.6770000457764,142665.0
324,2016-06-23,50.909999847412,246953.0,2.6979999542236,141679.0
325,2016-06-24,48.409999847412,351742.0,2.6619999408722,46173.0
326,2016-06-27,47.159999847412,243264.0,2.7160000801086004,45353.0
327,2016-06-28,48.580001831055,173176.0,2.9170000553131,13040.0
328,2016-06-29,50.610000610352,112964.0,2.8629999160767,147245.0
329,2016-06-30,49.680000305176,25406.0,2.9240000247955003,160700.0
330,2016-07-01,50.349998474121,248693.0,2.9869999885558998,114642.0
331,2016-07-05,47.959999084473,305737.0,2.7639999389648,176555.0
332,2016-07-06,48.799999237061,279124.0,2.7860000133514,135881.0
333,2016-07-07,46.400001525879,328097.0,2.7769999504088996,138168.0
334,2016-07-08,46.759998321533004,237284.0,2.8010001182556,98786.0
335,2016-07-11,46.25,229276.0,2.7019999027252,151030.0
336,2016-07-12,48.470001220703004,321525.0,2.7339999675751,143029.0
337,2016-07-13,46.259998321533004,299796.0,2.7369999885558998,131498.0
338,2016-07-14,47.36999893188501,289398.0,2.7269999980927,126994.0
339,2016-07-15,47.610000610352,260430.0,2.7560000419617,122444.0
340,2016-07-18,46.959999084473,230495.0,2.7219998836517,89832.0
341,2016-07-19,46.659999847412,214363.0,2.7279999256133998,105285.0
342,2016-07-20,47.169998168945,296296.0,2.6579999923706,125798.0
343,2016-07-21,46.200000762939,237479.0,2.6919999122619998,120585.0
344,2016-07-22,45.689998626709006,243489.0,2.7769999504088996,95596.0
345,2016-07-25,44.720001220703004,188805.0,2.7469999790192,46357.0
346,2016-07-26,44.86999893188501,240329.0,2.7119998931884997,54031.0
347,2016-07-27,43.470001220703004,194572.0,2.6719999313355,13341.0
348,2016-07-28,42.700000762939,110094.0,2.8729999065398997,249336.0
349,2016-07-29,42.459999084473,21544.0,2.8759999275207995,116827.0
350,2016-08-01,42.139999389648,234773.0,2.7709999084473,128411.0
351,2016-08-02,41.799999237061,262560.0,2.7330000400543,107781.0
352,2016-08-03,43.099998474121,320440.0,2.8389999866486,155704.0
353,2016-08-04,44.290000915527,276418.0,2.8340001106262003,148296.0
354,2016-08-05,44.270000457764,236874.0,2.7720000743866002,145174.0
355,2016-08-08,45.389999389648,221513.0,2.7479999065398997,175884.0
356,2016-08-09,44.979999542236,216218.0,2.6150000095367,221206.0
357,2016-08-10,44.049999237061,284858.0,2.5610001087188996,187743.0
358,2016-08-11,46.040000915527,335527.0,2.5510001182556,181826.0
359,2016-08-12,46.970001220703004,258003.0,2.5859999656677,134470.0
360,2016-08-15,48.349998474121,234398.0,2.5899999141693,102325.0
361,2016-08-16,49.229999542236,331860.0,2.6170001029968,98534.0
362,2016-08-17,49.849998474121,377399.0,2.6189999580383,122020.0
363,2016-08-18,50.889999389648,268834.0,2.6740000247955003,146982.0
364,2016-08-19,50.88000106811499,252338.0,2.5840001106262003,122687.0
365,2016-08-22,49.159999847412,270367.0,2.6789999008179,143253.0
366,2016-08-23,49.959999084473,314178.0,2.760999917984,131600.0
367,2016-08-24,49.049999237061,280915.0,2.7960000038147004,108008.0
368,2016-08-25,49.669998168945,217126.0,2.845999956131,68929.0
369,2016-08-26,49.919998168945,209621.0,2.8710000514983998,49829.0
370,2016-08-29,49.259998321533004,65667.0,2.8529999256133998,10334.0
371,2016-08-30,48.36999893188501,124524.0,2.8269999027252,133443.0
372,2016-08-31,47.040000915527,20606.0,2.8870000839233,140178.0
373,2016-09-01,45.450000762939,290044.0,2.7920000553131,157509.0
374,2016-09-02,46.830001831055,279344.0,2.7920000553131,88815.0
375,2016-09-06,47.259998321533004,215064.0,2.7170000076294,126923.0
376,2016-09-07,47.979999542236,224227.0,2.6760001182556,139254.0
377,2016-09-08,49.990001678466996,327242.0,2.805999994278,212586.0
378,2016-09-09,48.009998321533004,262147.0,2.7969999313355,149669.0
379,2016-09-12,48.319999694824,258760.0,2.914999961853,189734.0
380,2016-09-13,47.099998474121,280023.0,2.9089999198913996,140057.0
381,2016-09-14,45.849998474121,332961.0,2.8889999389648,175313.0
382,2016-09-15,46.590000152588,320720.0,2.9270000457764,152767.0
383,2016-09-16,45.770000457764,226321.0,2.9479999542236,123997.0
384,2016-09-19,45.950000762939,209911.0,2.9340000152587997,106540.0
385,2016-09-20,45.88000106811499,298796.0,3.0469999313355,172079.0
386,2016-09-21,46.830001831055,249080.0,3.0569999217987003,129474.0
387,2016-09-22,47.650001525879,290326.0,2.9900000095367,132427.0
388,2016-09-23,45.889999389648,306857.0,2.954999923706,93791.0
389,2016-09-26,47.349998474121,208153.0,2.9969999790192,44209.0
390,2016-09-27,45.970001220703004,241177.0,2.9960000514983998,45160.0
391,2016-09-28,48.689998626709006,188670.0,2.9519999027252,8877.0
392,2016-09-29,49.240001678466996,114831.0,2.9590001106262003,131811.0
393,2016-09-30,49.060001373290994,26942.0,2.9059998989105,168142.0
394,2016-10-03,50.889999389648,284259.0,2.9230000972748,126404.0
395,2016-10-04,50.86999893188501,269265.0,2.9639999866486,145549.0
396,2016-10-05,51.860000610352,302091.0,3.0409998893737997,171022.0
397,2016-10-06,52.509998321533004,293868.0,3.0490000247955003,202362.0
398,2016-10-07,51.930000305176,310018.0,3.1930000782012997,283581.0
399,2016-10-10,53.139999389648,334274.0,3.2750000953674,204357.0
400,2016-10-11,52.409999847412,373849.0,3.2369999885558998,187557.0
401,2016-10-12,51.810001373290994,254729.0,3.210000038147,171806.0
402,2016-10-13,52.029998779296996,310648.0,3.3410000801086004,267945.0
403,2016-10-14,51.950000762939,248439.0,3.2850000858307005,166446.0
404,2016-10-17,51.520000457764,247028.0,3.2439999580383,128893.0
405,2016-10-18,51.680000305176,274173.0,3.2630000114441002,116938.0
406,2016-10-19,52.669998168945,292949.0,3.170000076294,156842.0
407,2016-10-20,51.38000106811499,279308.0,3.1410000324249,161637.0
408,2016-10-21,51.779998779296996,249161.0,2.9930000305176003,170372.0
409,2016-10-24,51.459999084473,277239.0,2.8310000896454,162042.0
410,2016-10-25,50.790000915527,237734.0,2.7739999294281,99283.0
411,2016-10-26,49.979999542236,304515.0,2.7309999465942,83053.0
412,2016-10-27,50.470001220703004,138087.0,2.7639999389648,14495.0
413,2016-10-28,49.709999084473,94844.0,3.1050000190735,157123.0
414,2016-10-31,48.299999237061,32214.0,3.0260000228882005,154845.0
415,2016-11-01,48.139999389648,462804.0,2.9019999504088996,228839.0
416,2016-11-02,46.860000610352,366824.0,2.7920000553131,193678.0
417,2016-11-03,46.349998474121,283660.0,2.7690000534058,170347.0
418,2016-11-04,45.580001831055,384560.0,2.7669999599457,120816.0
419,2016-11-07,46.150001525879,276169.0,2.8159999847412003,141836.0
420,2016-11-08,46.040000915527,320983.0,2.6329998970032,211752.0
421,2016-11-09,46.360000610352,448124.0,2.6900000572205003,209317.0
422,2016-11-10,45.840000152588,302446.0,2.6319999694823997,185153.0
423,2016-11-11,44.75,286705.0,2.6189999580383,162827.0
424,2016-11-14,44.430000305176,260146.0,2.7490000724792005,138940.0
425,2016-11-15,46.950000762939,354268.0,2.7090001106262003,150875.0
426,2016-11-16,46.63000106811499,335482.0,2.7639999389648,125531.0
427,2016-11-17,46.490001678466996,280944.0,2.7030000686645,140196.0
428,2016-11-18,46.860000610352,249336.0,2.8429999351502,134225.0
429,2016-11-21,48.900001525879,282704.0,2.9500000476837003,112524.0
430,2016-11-22,49.11999893188501,436934.0,2.9820001125336004,112524.0
431,2016-11-23,48.950000762939,275288.0,3.0260000228882005,65480.0
432,2016-11-25,47.240001678466996,181171.0,3.085000038147,36482.0
433,2016-11-28,48.240001678466996,207955.0,3.2320001125336004,13715.0
434,2016-11-29,46.38000106811499,133105.0,3.3150000572205003,163396.0
435,2016-11-30,50.470001220703004,43117.0,3.3519999980927,168555.0
436,2016-12-01,53.939998626709006,460862.0,3.5050001144409,210764.0
437,2016-12-02,54.459999084473,312780.0,3.4360001087189,168563.0
438,2016-12-05,54.939998626709006,288551.0,3.654000043869,192188.0
439,2016-12-06,53.930000305176,280650.0,3.6349999904633,225250.0
440,2016-12-07,53.0,298565.0,3.6029999256133998,252203.0
441,2016-12-08,53.889999389648,334183.0,3.6949999332427996,233852.0
442,2016-12-09,54.330001831055,264797.0,3.7460000514983998,206662.0
443,2016-12-12,55.689998626709006,372173.0,3.5069999694823997,245756.0
444,2016-12-13,55.720001220703004,283432.0,3.4739999771117995,163184.0
445,2016-12-14,53.900001525879,353966.0,3.539999961853,140162.0
446,2016-12-15,54.020000457764,266152.0,3.4340000152587997,190798.0
447,2016-12-16,55.209999084473,229187.0,3.414999961853,120428.0
448,2016-12-19,54.919998168945,228387.0,3.3919999599457,119326.0
449,2016-12-20,55.349998474121,257022.0,3.2630000114441002,165294.0
450,2016-12-21,54.459999084473,277727.0,3.5420000553131,169031.0
451,2016-12-22,55.049999237061,194658.0,3.5380001068115003,119586.0
452,2016-12-23,55.159999847412,104088.0,3.6619999408722,58296.0
453,2016-12-27,56.090000152588,67836.0,3.760999917984,59667.0
454,2016-12-28,56.220001220703004,109907.0,3.9300000667572004,17262.0
455,2016-12-29,56.139999389648,49076.0,3.8020000457764,132571.0
456,2016-12-30,56.819999694824,129096.0,3.7239999771117995,96920.0
457,2017-01-03,55.470001220703004,340817.0,3.3269999027252,254134.0
458,2017-01-04,56.459999084473,282545.0,3.2669999599457,171528.0
459,2017-01-05,56.889999389648,269612.0,3.2730000019073,208432.0
460,2017-01-06,57.099998474121,234870.0,3.2850000858307005,140075.0
461,2017-01-09,54.939998626709006,266387.0,3.1029999256133998,163393.0
462,2017-01-10,53.639999389648,332978.0,3.2780001163483,178594.0
463,2017-01-11,55.099998474121,419902.0,3.2239999771117995,145250.0
464,2017-01-12,56.009998321533004,331632.0,3.385999917984,202396.0
465,2017-01-13,55.450000762939,247086.0,3.4189999103546,155200.0
466,2017-01-17,55.470001220703004,335727.0,3.4119999408722,137695.0
467,2017-01-18,53.919998168945,360148.0,3.3020000457764,128820.0
468,2017-01-19,54.159999847412,346867.0,3.3680000305176003,145476.0
469,2017-01-20,55.490001678466996,293535.0,3.2039999961852996,138918.0
470,2017-01-23,55.229999542236,305849.0,3.2430000305176003,108564.0
471,2017-01-24,55.439998626709006,254893.0,3.279000043869,99030.0
472,2017-01-25,55.080001831055,275730.0,3.3320000171661,51139.0
473,2017-01-26,56.240001678466996,265715.0,3.3819999694823997,75883.0
474,2017-01-27,55.520000457764,142066.0,3.3910000324249,0.0
475,2017-01-30,55.229999542236,104897.0,3.2320001125336004,135654.0
476,2017-01-31,55.700000762939,28804.0,3.1170001029968,198006.0
477,2017-02-01,56.799999237061,301235.0,3.1679999828339,136176.0
478,2017-02-02,56.560001373290994,297350.0,3.1870000362396,149327.0
479,2017-02-03,56.810001373290994,264757.0,3.0629999637604,179658.0
480,2017-02-06,55.720001220703004,252700.0,3.0499999523162997,124252.0
481,2017-02-07,55.049999237061,317181.0,3.1300001144409,177005.0
482,2017-02-08,55.11999893188501,409826.0,3.1259999275207995,159476.0
483,2017-02-09,55.63000106811499,263404.0,3.1410000324249,162281.0
484,2017-02-10,56.700000762939,284708.0,3.0339999198913996,188162.0
485,2017-02-13,55.590000152588,234314.0,2.944000005722,162673.0
486,2017-02-14,55.970001220703004,254982.0,2.9049999713898,142943.0
487,2017-02-15,55.75,272519.0,2.9249999523162997,126121.0
488,2017-02-16,55.650001525879,310843.0,2.8540000915527,138783.0
489,2017-02-17,55.810001373290994,270492.0,2.8340001106262003,126492.0
490,2017-02-21,56.659999847412,335443.0,2.5639998912811004,205024.0
491,2017-02-22,55.840000152588,245156.0,2.5920000076294,69600.0
492,2017-02-23,56.580001831055,223585.0,2.6170001029968,67942.0
493,2017-02-24,55.990001678466996,164961.0,2.6270000934601,0.0
494,2017-02-27,55.930000305176,139288.0,2.6930000782012997,127547.0
495,2017-02-28,55.590000152588,28347.0,2.7739999294281,183619.0
496,2017-03-01,56.360000610352,261742.0,2.7990000247955003,154834.0
497,2017-03-02,55.080001831055,350118.0,2.8039999008178995,173316.0
498,2017-03-03,55.900001525879,248708.0,2.8269999027252,155244.0
499,2017-03-06,56.009998321533004,224195.0,2.9010000228882005,216887.0
500,2017-03-07,55.919998168945,269515.0,2.8239998817444,166482.0
501,2017-03-08,53.110000610352,444133.0,2.9010000228882005,200061.0
502,2017-03-09,52.189998626709006,504122.0,2.9739999771117995,178683.0
503,2017-03-10,51.36999893188501,351344.0,3.0079998970032,162566.0
504,2017-03-13,51.349998474121,276760.0,3.0429999828339,140782.0
505,2017-03-14,50.919998168945,411631.0,2.9379999637604,156658.0
506,2017-03-15,51.810001373290994,327902.0,2.9809999465942,119225.0
507,2017-03-16,51.740001678466996,281525.0,2.9019999504088996,175334.0
508,2017-03-17,51.759998321533004,220349.0,2.9479999542236,102589.0
509,2017-03-20,51.61999893188501,239247.0,3.0409998893737997,133705.0
510,2017-03-21,50.959999084473,291705.0,3.0929999351502,138763.0
511,2017-03-22,50.639999389648,327912.0,3.010999917984,125475.0
512,2017-03-23,50.560001373290994,320211.0,3.0510001182556,147427.0
513,2017-03-24,50.799999237061,215340.0,3.0759999752044997,102120.0
514,2017-03-27,50.75,195521.0,3.0520000457764,59543.0
515,2017-03-28,51.330001831055,186414.0,3.095999956131,53195.0
516,2017-03-29,52.419998168945,140442.0,3.1749999523162997,8017.0
517,2017-03-30,52.959999084473,128549.0,3.1909999847412003,133288.0
518,2017-03-31,52.830001831055,27461.0,3.1900000572205003,114819.0
519,2017-04-03,53.11999893188501,241746.0,3.1280000209808,124588.0
520,2017-04-04,54.169998168945,302109.0,3.2929999828339,232924.0
521,2017-04-05,54.360000610352,353017.0,3.2660000324249,165274.0
522,2017-04-06,54.889999389648,239472.0,3.3310000896454,165907.0
523,2017-04-07,55.240001678466996,317775.0,3.260999917984,170783.0
524,2017-04-10,55.979999542236,298898.0,3.2379999160767,141822.0
525,2017-04-11,56.229999542236,340419.0,3.1500000953674,201474.0
526,2017-04-12,55.860000610352,373526.0,3.1870000362396,174009.0
527,2017-04-13,55.889999389648,325309.0,3.2269999980927,182106.0
528,2017-04-17,55.360000610352,158972.0,3.1630001068115003,147638.0
529,2017-04-18,54.889999389648,373099.0,3.1449999809265,138628.0
530,2017-04-19,52.930000305176,435407.0,3.1849999427794997,158318.0
531,2017-04-20,52.990001678466996,401851.0,3.1589999198913996,125995.0
532,2017-04-21,51.959999084473,348477.0,3.1010000705719,114899.0
533,2017-04-24,51.599998474121,267284.0,3.0659999847412003,67850.0
534,2017-04-25,52.099998474121,272756.0,3.0429999828339,64754.0
535,2017-04-26,51.819999694824,206557.0,3.1419999599457,11331.0
536,2017-04-27,51.439998626709006,187128.0,3.239000082016,139117.0
537,2017-04-28,51.729999542236,23204.0,3.2760000228882005,117649.0
538,2017-05-01,51.520000457764,121525.0,3.2149999141692995,128608.0
539,2017-05-02,50.459999084473,364060.0,3.1949999332427996,141615.0
540,2017-05-03,50.790000915527,357189.0,3.2279999256133998,89628.0
541,2017-05-04,48.38000106811499,541579.0,3.1860001087189,140033.0
542,2017-05-05,49.099998474121,530438.0,3.2660000324249,150649.0
543,2017-05-08,49.340000152588,400718.0,3.1719999313355,196689.0
544,2017-05-09,48.729999542236,332913.0,3.2269999980927,170982.0
545,2017-05-10,50.220001220703004,368112.0,3.2920000553131,223188.0
546,2017-05-11,50.770000457764,315588.0,3.3759999275207995,199191.0
547,2017-05-12,50.840000152588,304757.0,3.4240000247955003,150243.0
548,2017-05-15,51.819999694824,331418.0,3.3489999771117995,142311.0
549,2017-05-16,51.650001525879,340962.0,3.2300000190735,203407.0
550,2017-05-17,52.209999084473,331361.0,3.1919999122619998,147282.0
551,2017-05-18,52.509998321533004,363694.0,3.1819999217987003,153415.0
552,2017-05-19,53.610000610352,333274.0,3.2560000419617,143461.0
553,2017-05-22,53.86999893188501,379122.0,3.329999923706,132558.0
554,2017-05-23,54.150001525879,328325.0,3.2190001010895,131858.0
555,2017-05-24,53.959999084473,351635.0,3.2090001106262003,51800.0
556,2017-05-25,51.459999084473,464495.0,3.1840000152587997,45800.0
557,2017-05-26,52.150001525879,265833.0,3.2360000610352,0.0
558,2017-05-30,51.840000152588,137207.0,3.1449999809265,215155.0
559,2017-05-31,50.310001373290994,41681.0,3.0710000991821005,208510.0
560,2017-06-01,50.63000106811499,462917.0,3.0079998970032,236236.0
561,2017-06-02,49.950000762939,451455.0,2.9990000724792005,147329.0
562,2017-06-05,49.470001220703004,348409.0,2.9820001125336004,148450.0
563,2017-06-06,50.11999893188501,329713.0,3.0420000553131,139905.0
564,2017-06-07,48.060001373290994,461745.0,3.0199999809265,179726.0
565,2017-06-08,47.860000610352,445968.0,3.0280001163483,205114.0
566,2017-06-09,48.150001525879,285815.0,3.0390000343323,138973.0
567,2017-06-12,48.290000915527,316560.0,3.0239999294281,163496.0
568,2017-06-13,48.720001220703004,321281.0,2.9660000801086004,224042.0
569,2017-06-14,47.0,464423.0,2.9330000877380002,164623.0
570,2017-06-15,46.919998168945,301404.0,3.055999994278,195042.0
571,2017-06-16,47.36999893188501,227424.0,3.0369999408722,121174.0
572,2017-06-19,46.909999847412,261488.0,2.8940000534058,155300.0
573,2017-06-20,46.020000457764,343458.0,2.9070000648498,112908.0
574,2017-06-21,44.819999694824,389712.0,2.8929998874663996,141997.0
575,2017-06-22,45.220001220703004,346755.0,2.8940000534058,150925.0
576,2017-06-23,45.540000915527,252259.0,2.9289999008178995,99800.0
577,2017-06-26,45.830001831055,203221.0,3.0269999504088996,61783.0
578,2017-06-27,46.650001525879,263256.0,3.0369999408722,48460.0
579,2017-06-28,47.310001373290994,162581.0,3.0669999122619998,12251.0
580,2017-06-29,47.419998168945,179560.0,3.0420000553131,156622.0
581,2017-06-30,47.919998168945,26181.0,3.0350000858307005,152129.0
582,2017-07-03,49.680000305176,244518.0,2.9509999752044997,142576.0
583,2017-07-05,47.790000915527,372984.0,2.8399999141692995,239392.0
584,2017-07-06,48.110000610352,308255.0,2.8880000114441002,147746.0
585,2017-07-07,46.709999084473,302323.0,2.864000082016,156392.0
586,2017-07-10,46.88000106811499,268902.0,2.9289999008178995,164958.0
587,2017-07-11,47.520000457764,283386.0,3.0469999313355,203416.0
588,2017-07-12,47.740001678466996,333698.0,2.9849998950957994,180109.0
589,2017-07-13,48.419998168945,262631.0,2.9609999656677,172378.0
590,2017-07-14,48.909999847412,295663.0,2.9800000190735,151634.0
591,2017-07-17,48.419998168945,227420.0,3.0199999809265,114340.0
592,2017-07-18,48.840000152588,251496.0,3.0880000591278,133413.0
593,2017-07-19,49.700000762939,300371.0,3.0659999847412003,101880.0
594,2017-07-20,49.299999237061,315337.0,3.0429999828339,177683.0
595,2017-07-21,48.060001373290994,338354.0,2.9700000286102,158256.0
596,2017-07-24,48.599998474121,287928.0,2.8989999294281,128436.0
597,2017-07-25,50.200000762939,284288.0,2.944000005722,50576.0
598,2017-07-26,50.970001220703004,258949.0,2.9240000247955003,45379.0
599,2017-07-27,51.490001678466996,184427.0,2.9690001010895,11030.0
600,2017-07-28,52.520000457764,159148.0,2.9409999847412003,83193.0
601,2017-07-31,52.650001525879,25540.0,2.7939999103546,176226.0
602,2017-08-01,51.779998779296996,392641.0,2.819000005722,151158.0
603,2017-08-02,52.360000610352,406415.0,2.8110001087189,111069.0
604,2017-08-03,52.009998321533004,402658.0,2.7999999523162997,125787.0
605,2017-08-04,52.419998168945,278784.0,2.7739999294281,100740.0
606,2017-08-07,52.36999893188501,260937.0,2.8010001182556,144959.0
607,2017-08-08,52.139999389648,235160.0,2.8220000267029,134191.0
608,2017-08-09,52.700000762939,265606.0,2.8829998970032,184358.0
609,2017-08-10,51.900001525879,450278.0,2.9849998950957994,262157.0
610,2017-08-11,52.099998474121,245314.0,2.9830000400543,137469.0
611,2017-08-14,50.729999542236,281573.0,2.9590001106262003,130569.0
612,2017-08-15,50.799999237061,334161.0,2.9349999427794997,103177.0
613,2017-08-16,50.270000457764,305551.0,2.8900001049042006,135731.0
614,2017-08-17,51.029998779296996,334304.0,2.9289999008178995,158462.0
615,2017-08-18,52.720001220703004,317440.0,2.8929998874663996,83316.0
616,2017-08-21,51.659999847412,271574.0,2.9619998931884997,171194.0
617,2017-08-22,51.86999893188501,313918.0,2.9389998912811,151718.0
618,2017-08-23,52.569999694824,287199.0,2.9279999732971,104361.0
619,2017-08-24,52.040000915527,255763.0,2.9489998817444,105193.0
620,2017-08-25,52.409999847412,218089.0,2.8919999599457,53985.0
621,2017-08-28,51.889999389648,141582.0,2.9249999523162997,48077.0
622,2017-08-29,52.0,139974.0,2.9609999656677,7945.0
623,2017-08-30,50.860000610352,152585.0,2.9389998912811,96502.0
624,2017-08-31,52.38000106811499,33499.0,3.039999961853,241062.0
625,2017-09-01,52.75,262197.0,3.0699999332427996,179193.0
626,2017-09-05,53.38000106811499,300776.0,2.9719998836517,172702.0
627,2017-09-06,54.200000762939,322595.0,3.0,145052.0
628,2017-09-07,54.490001678466996,306718.0,2.9809999465942,137126.0
629,2017-09-08,53.779998779296996,307449.0,2.8900001049042006,204842.0
630,2017-09-11,53.840000152588,276434.0,2.9500000476837003,164090.0
631,2017-09-12,54.270000457764,279336.0,3.0009999275207995,248747.0
632,2017-09-13,55.159999847412,291472.0,3.0580000877380002,191192.0
633,2017-09-14,55.470001220703004,327352.0,3.0699999332427996,204316.0
634,2017-09-15,55.61999893188501,271070.0,3.0239999294281,144121.0
635,2017-09-18,55.479999542236,278120.0,3.1459999084473,209884.0
636,2017-09-19,55.139999389648,221760.0,3.1219999790192,156610.0
637,2017-09-20,56.290000915527,295650.0,3.0940001010895,172959.0
638,2017-09-21,56.430000305176,251616.0,2.9460000991821005,271675.0
639,2017-09-22,56.860000610352,208360.0,2.9590001106262003,109531.0
640,2017-09-25,59.020000457764,224939.0,2.9189999103546,73229.0
641,2017-09-26,58.439998626709006,214727.0,2.9179999828339,54994.0
642,2017-09-27,57.900001525879,142870.0,2.9739999771117995,15712.0
643,2017-09-28,57.409999847412,117888.0,3.0169999599457,192444.0
644,2017-09-29,57.540000915527,24020.0,3.0069999694823997,117984.0
645,2017-10-02,56.11999893188501,352045.0,2.9159998893737997,251481.0
646,2017-10-03,56.0,275423.0,2.8949999809265,151617.0
647,2017-10-04,55.799999237061,330854.0,2.9400000572205003,160561.0
648,2017-10-05,57.0,379302.0,2.9230000972748,180003.0
649,2017-10-06,55.61999893188501,395647.0,2.8629999160767,226636.0
650,2017-10-09,55.790000915527,301152.0,2.8329999446869,174730.0
651,2017-10-10,56.610000610352,290341.0,2.8910000324249,201266.0
652,2017-10-11,56.939998626709006,310139.0,2.8889999389648,224270.0
653,2017-10-12,56.25,339530.0,2.989000082016,308993.0
654,2017-10-13,57.169998168945,332597.0,3.0,179590.0
655,2017-10-16,57.819999694824,341777.0,2.9460000991821005,179558.0
656,2017-10-17,57.88000106811499,405217.0,2.9619998931884997,202672.0
657,2017-10-18,58.150001525879,329325.0,2.8540000915527,205285.0
658,2017-10-19,57.229999542236,430668.0,2.8729999065398997,295772.0
659,2017-10-20,57.75,369888.0,2.914999961853,225039.0
660,2017-10-23,57.36999893188501,353071.0,2.9909999370575,178926.0
661,2017-10-24,58.330001831055,334681.0,2.9739999771117995,112764.0
662,2017-10-25,58.439998626709006,260548.0,2.9189999103546,65776.0
663,2017-10-26,59.299999237061,232283.0,2.8900001049042006,50113.0
664,2017-10-27,60.439998626709006,209886.0,2.7520000934601003,0.0
665,2017-10-30,60.900001525879,168541.0,2.9660000801086004,124090.0
666,2017-10-31,61.36999893188501,29115.0,2.8959999084473,194986.0
667,2017-11-01,60.490001678466996,337761.0,2.8929998874663996,189880.0
668,2017-11-02,60.61999893188501,289300.0,2.9349999427794997,184935.0
669,2017-11-03,62.069999694824,272739.0,2.9839999675751,143210.0
670,2017-11-06,64.269996643066,356994.0,3.1340000629425,267645.0
671,2017-11-07,63.689998626709006,389455.0,3.1519999504088996,247518.0
672,2017-11-08,63.490001678466996,418072.0,3.1749999523162997,210306.0
673,2017-11-09,63.930000305176,319856.0,3.2000000476837003,247726.0
674,2017-11-10,63.520000457764,307965.0,3.2130000591278,179748.0
675,2017-11-13,63.159999847412,335154.0,3.1670000553131,208595.0
676,2017-11-14,62.209999084473,418939.0,3.1019999980927,219937.0
677,2017-11-15,61.86999893188501,279411.0,3.079999923706,192702.0
678,2017-11-16,61.360000610352,314062.0,3.0529999732971,186922.0
679,2017-11-17,62.720001220703004,356735.0,3.0969998836517,191293.0
680,2017-11-20,62.220001220703004,283479.0,3.0469999313355,160174.0
681,2017-11-21,62.569999694824,338157.0,3.0169999599457,133594.0
682,2017-11-22,63.319999694824,322870.0,2.9679999351502,139397.0
683,2017-11-24,63.860000610352,152696.0,2.8129999637604,94878.0
684,2017-11-27,63.840000152588,249086.0,2.9279999732971,56306.0
685,2017-11-28,63.610000610352,186934.0,3.0739998817444,13122.0
686,2017-11-29,63.110000610352,178202.0,3.1789999008178995,230343.0
687,2017-11-30,63.569999694824,26207.0,3.0250000953674,317425.0
688,2017-12-01,63.729999542236,308154.0,3.0610001087189,213443.0
689,2017-12-04,62.450000762939,250521.0,2.9849998950957994,238226.0
690,2017-12-05,62.860000610352,219338.0,2.9140000343323,240838.0
691,2017-12-06,61.220001220703004,314261.0,2.9219999313355,178775.0
692,2017-12-07,62.200000762939,238964.0,2.7630000114441002,392520.0
693,2017-12-08,63.400001525879,362429.0,2.7720000743866002,233766.0
694,2017-12-11,64.69000244140601,488007.0,2.8280000686645,196702.0
695,2017-12-12,63.340000152588,508993.0,2.6779999732971,312864.0
696,2017-12-13,62.439998626709006,354367.0,2.7149999141692995,256783.0
697,2017-12-14,63.310001373290994,277672.0,2.6840000152587997,205087.0
698,2017-12-15,63.229999542236,212995.0,2.6119999885558998,190914.0
699,2017-12-18,63.409999847412,234617.0,2.7449998855591,231827.0
700,2017-12-19,63.799999237061,213190.0,2.6919999122619998,219344.0
701,2017-12-20,64.55999755859399,222727.0,2.6370000839233,183119.0
702,2017-12-21,64.900001525879,155417.0,2.5980000495911004,177652.0
703,2017-12-22,65.25,110419.0,2.6670000553131,68187.0
704,2017-12-26,67.019996643066,74246.0,2.6429998874664,81462.0
705,2017-12-27,66.44000244140601,122431.0,2.7379999160767,19110.0
706,2017-12-28,66.720001220703,35088.0,2.9140000343323,313122.0
707,2017-12-29,66.870002746582,157948.0,2.9530000686645,272657.0
708,2018-01-02,66.569999694824,211739.0,3.055999994278,320176.0
709,2018-01-03,67.839996337891,260862.0,3.0079998970032,269889.0
710,2018-01-04,68.069999694824,246148.0,2.8800001144409,319705.0
711,2018-01-05,67.620002746582,183452.0,2.795000076294,230946.0
712,2018-01-08,67.779998779297,210348.0,2.835000038147,228242.0
713,2018-01-09,68.819999694824,319922.0,2.9230000972748,288553.0
714,2018-01-10,69.199996948242,290542.0,2.9059998989105,254155.0
715,2018-01-11,69.26000213623,341936.0,3.0840001106262003,405113.0
716,2018-01-12,69.870002746582,302098.0,3.2000000476837003,415933.0
717,2018-01-16,69.150001525879,322952.0,3.1289999485016002,332451.0
718,2018-01-17,69.379997253418,280419.0,3.2320001125336004,283967.0
719,2018-01-18,69.30999755859399,270231.0,3.1889998912811,293577.0
720,2018-01-19,68.610000610352,278360.0,3.1849999427794997,224665.0
721,2018-01-22,69.029998779297,250603.0,3.2239999771117995,201676.0
722,2018-01-23,69.959999084473,343734.0,3.444000005722,291378.0
723,2018-01-24,70.529998779297,308365.0,3.5090000629425,213630.0
724,2018-01-25,70.419998168945,301926.0,3.4470000267029,84785.0
725,2018-01-26,70.519996643066,227599.0,3.5050001144409,75224.0
726,2018-01-29,69.459999084473,202236.0,3.6310000419617,20414.0
727,2018-01-30,69.019996643066,135872.0,3.1949999332427996,257758.0
728,2018-01-31,69.050003051758,20433.0,2.9949998855591,334638.0
729,2018-02-01,69.650001525879,336923.0,2.8559999465942,359410.0
730,2018-02-02,68.580001831055,307134.0,2.845999956131,184073.0
731,2018-02-05,67.620002746582,335637.0,2.7469999790192,200176.0
732,2018-02-06,66.860000610352,328847.0,2.7590000629425,185164.0
733,2018-02-07,65.51000213623,567758.0,2.7019999027252,220437.0
734,2018-02-08,64.80999755859399,346318.0,2.6970000267029,191585.0
735,2018-02-09,62.790000915527,399495.0,2.5840001106262003,236204.0
736,2018-02-12,62.590000152588,349667.0,2.5520000457764,196427.0
737,2018-02-13,62.720001220703004,367263.0,2.5940001010894997,203096.0
738,2018-02-14,64.360000610352,349099.0,2.5869998931885,175161.0
739,2018-02-15,64.330001831055,292913.0,2.579999923706,163821.0
740,2018-02-16,64.839996337891,239577.0,2.558000087738,112338.0
741,2018-02-19,65.669998168945,125633.0,2.6059999465942,0.0
742,2018-02-20,65.25,289165.0,2.6159999370575,147855.0
743,2018-02-21,65.419998168945,245865.0,2.6589999198914,125222.0
744,2018-02-22,66.389999389648,253001.0,2.6340000629425,60419.0
745,2018-02-23,67.30999755859399,201717.0,2.625,66996.0
746,2018-02-26,67.5,188304.0,2.6389999389648,13759.0
747,2018-02-27,66.629997253418,106337.0,2.683000087738,122830.0
748,2018-02-28,65.779998779297,27394.0,2.6670000553131,133147.0
749,2018-03-01,63.830001831055,340966.0,2.6979999542236,206388.0
750,2018-03-02,64.370002746582,266382.0,2.6949999332427996,137999.0
751,2018-03-05,65.540000915527,261060.0,2.7039999961852996,118016.0
752,2018-03-06,65.790000915527,199793.0,2.7490000724792005,132005.0
753,2018-03-07,64.339996337891,332906.0,2.7769999504088996,144973.0
754,2018-03-08,63.610000610352,294786.0,2.7560000419617,148183.0
755,2018-03-09,65.48999786377,286492.0,2.7320001125336004,131468.0
756,2018-03-12,64.949996948242,240034.0,2.7780001163483,163455.0
757,2018-03-13,64.639999389648,320571.0,2.7860000133514,146848.0
758,2018-03-14,64.889999389648,267591.0,2.7309999465942,146222.0
759,2018-03-15,65.120002746582,208594.0,2.680999994278,147708.0
760,2018-03-16,66.209999084473,264214.0,2.6879999637604,78672.0
761,2018-03-19,66.050003051758,272416.0,2.6510000228882005,115506.0
762,2018-03-20,67.419998168945,326466.0,2.6749999523162997,126457.0
763,2018-03-21,69.470001220703,401046.0,2.6380000114441002,135651.0
764,2018-03-22,68.910003662109,286629.0,2.6170001029968,103060.0
765,2018-03-23,70.449996948242,283010.0,2.5910000801086,57008.0
766,2018-03-26,70.120002746582,183689.0,2.6180000305176003,52520.0
767,2018-03-27,70.110000610352,131391.0,2.6909999847412003,9727.0
768,2018-03-28,69.529998779297,141890.0,2.6979999542236,85532.0
769,2018-03-29,70.269996643066,25293.0,2.7330000400543,160014.0
770,2018-04-02,67.639999389648,190053.0,2.683000087738,165214.0
771,2018-04-03,68.120002746582,232257.0,2.6970000267029,112561.0
772,2018-04-04,68.019996643066,361479.0,2.7179999351502,139580.0
773,2018-04-05,68.330001831055,270818.0,2.6749999523162997,160236.0
774,2018-04-06,67.110000610352,296092.0,2.7009999752044997,135394.0
775,2018-04-09,68.650001525879,257496.0,2.6930000782012997,220804.0
776,2018-04-10,71.040000915527,452335.0,2.6559998989105003,219226.0
777,2018-04-11,72.05999755859399,495410.0,2.6749999523162997,180073.0
778,2018-04-12,72.019996643066,330212.0,2.6860001087189,179513.0
779,2018-04-13,72.580001831055,328504.0,2.7349998950957994,167242.0
780,2018-04-16,71.419998168945,297437.0,2.7520000934601003,116448.0
781,2018-04-17,71.580001831055,315036.0,2.7379999160767,94016.0
782,2018-04-18,73.480003356934,352649.0,2.739000082016,128915.0
783,2018-04-19,73.779998779297,393964.0,2.6600000858307,233754.0
784,2018-04-20,74.05999755859399,371895.0,2.739000082016,162640.0
785,2018-04-23,74.709999084473,317446.0,2.7400000095367,110246.0
786,2018-04-24,73.860000610352,330603.0,2.7809998989105,63431.0
787,2018-04-25,74.0,275128.0,2.7860000133514,57673.0
788,2018-04-26,74.73999786377,179479.0,2.8210000991821005,9917.0
789,2018-04-27,74.639999389648,156532.0,2.7709999084473,129328.0
790,2018-04-30,75.169998168945,24760.0,2.7630000114441002,128248.0
791,2018-05-01,73.129997253418,360973.0,2.8020000457764,166920.0
792,2018-05-02,73.360000610352,347055.0,2.7539999485016002,126751.0
793,2018-05-03,73.620002746582,382135.0,2.7260000705719,161671.0
794,2018-05-04,74.870002746582,289860.0,2.7109999656677,113276.0
795,2018-05-07,76.169998168945,230472.0,2.7409999370575,160122.0
796,2018-05-08,74.849998474121,519797.0,2.7320001125336004,153614.0
797,2018-05-09,77.209999084473,364746.0,2.7369999885558998,117167.0
798,2018-05-10,77.470001220703,314193.0,2.8139998912811,242955.0
799,2018-05-11,77.120002746582,261802.0,2.805999994278,119502.0
800,2018-05-14,78.230003356934,290126.0,2.8420000076294,130605.0
801,2018-05-15,78.430000305176,390915.0,2.8359999656677,107086.0
802,2018-05-16,79.279998779297,336573.0,2.8150000572205003,105943.0
803,2018-05-17,79.300003051758,330172.0,2.8589999675751,182971.0
804,2018-05-18,78.51000213623,277277.0,2.8469998836517,110778.0
805,2018-05-21,79.220001220703,245772.0,2.8099999427794997,127049.0
806,2018-05-22,79.569999694824,305307.0,2.9079999923706,181131.0
807,2018-05-23,79.800003051758,292969.0,2.9140000343323,111803.0
808,2018-05-24,78.790000915527,228579.0,2.9400000572205003,66352.0
809,2018-05-25,76.44000244140601,275722.0,2.9389998912811,77032.0
810,2018-05-28,75.300003051758,65102.0,2.9749999046326,0.0
811,2018-05-29,75.389999389648,114463.0,2.875,11201.0
812,2018-05-30,77.5,125329.0,2.8849999904633,103499.0
813,2018-05-31,77.589996337891,21440.0,2.9519999027252,192343.0
814,2018-06-01,76.790000915527,296571.0,2.9619998931884997,90936.0
815,2018-06-04,75.290000915527,324286.0,2.9300000667572004,100049.0
816,2018-06-05,75.379997253418,400846.0,2.8900001049042006,122194.0
817,2018-06-06,75.360000610352,365652.0,2.8959999084473,106066.0
818,2018-06-07,77.319999694824,327984.0,2.9300000667572004,213147.0
819,2018-06-08,76.459999084473,251826.0,2.8900001049042006,158581.0
820,2018-06-11,76.459999084473,231283.0,2.9489998817444,192022.0
821,2018-06-12,75.879997253418,260327.0,2.9389998912811,170252.0
822,2018-06-13,76.73999786377,292469.0,2.9630000591278,163496.0
823,2018-06-14,75.94000244140601,279214.0,2.9649999141692995,128821.0
824,2018-06-15,73.44000244140601,285802.0,3.0220000743866002,169685.0
825,2018-06-18,75.339996337891,316116.0,2.9509999752044997,164885.0
826,2018-06-19,75.080001831055,290589.0,2.9000000953674,148888.0
827,2018-06-20,74.73999786377,368837.0,2.9639999866486,141781.0
828,2018-06-21,73.050003051758,411809.0,2.9749999046326,129672.0
829,2018-06-22,75.550003051758,377394.0,2.9449999332427996,101303.0
830,2018-06-25,74.730003356934,274377.0,2.9230000972748,54241.0
831,2018-06-26,76.30999755859399,289472.0,2.9389998912811,39903.0
832,2018-06-27,77.620002746582,166193.0,2.9960000514983998,10062.0
833,2018-06-28,77.849998474121,144216.0,2.9400000572205003,157118.0
834,2018-06-29,79.44000244140601,17120.0,2.9240000247955003,116419.0
835,2018-07-02,77.300003051758,265384.0,2.8619999885558998,165518.0
836,2018-07-03,77.76000213623,273456.0,2.8699998855591,121584.0
837,2018-07-04,78.23999786377,97245.0,2.8410000801086004,0.0
838,2018-07-05,77.389999389648,254024.0,2.8369998931884997,128995.0
839,2018-07-06,77.110000610352,315279.0,2.8580000400543,105972.0
840,2018-07-09,78.069999694824,212186.0,2.8280000686645,126582.0
841,2018-07-10,78.860000610352,261549.0,2.7880001068115003,127274.0
842,2018-07-11,73.400001525879,560842.0,2.8289999961852996,111015.0
843,2018-07-12,74.449996948242,416412.0,2.7969999313355,114889.0
844,2018-07-13,75.330001831055,302426.0,2.7520000934601003,134285.0
845,2018-07-16,71.839996337891,330000.0,2.7590000629425,110054.0
846,2018-07-17,72.160003662109,286435.0,2.7400000095367,109351.0
847,2018-07-18,72.900001525879,287114.0,2.720999956131,111413.0
848,2018-07-19,72.580001831055,313811.0,2.7690000534058,134437.0
849,2018-07-20,73.069999694824,231507.0,2.7569999694823997,92132.0
850,2018-07-23,73.05999755859399,316980.0,2.720999956131,109970.0
851,2018-07-24,73.44000244140601,215150.0,2.7320001125336004,78517.0
852,2018-07-25,73.930000305176,210868.0,2.7750000953674,45441.0
853,2018-07-26,74.540000915527,183348.0,2.7799999713898,44274.0
854,2018-07-27,74.290000915527,119340.0,2.8220000267029,6924.0
855,2018-07-30,74.970001220703,81034.0,2.7969999313355,124253.0
856,2018-07-31,74.25,21877.0,2.7820000648498,154916.0
857,2018-08-01,72.389999389648,284022.0,2.7579998970032,118788.0
858,2018-08-02,73.449996948242,226453.0,2.8159999847412003,175996.0
859,2018-08-03,73.209999084473,175359.0,2.8529999256133998,150124.0
860,2018-08-06,73.75,200582.0,2.8599998950957994,99786.0
861,2018-08-07,74.650001525879,228992.0,2.8970000743866002,153532.0
862,2018-08-08,72.279998779297,269509.0,2.9489998817444,195739.0
863,2018-08-09,72.069999694824,197055.0,2.954999923706,177236.0
864,2018-08-10,72.80999755859399,228741.0,2.944000005722,140737.0
865,2018-08-13,72.610000610352,220337.0,2.9300000667572004,126594.0
866,2018-08-14,72.459999084473,242747.0,2.9590001106262003,123286.0
867,2018-08-15,70.76000213623,298105.0,2.9400000572205003,93169.0
868,2018-08-16,71.430000305176,227201.0,2.9079999923706,125459.0
869,2018-08-17,71.830001831055,217156.0,2.9460000991821005,119417.0
870,2018-08-20,72.209999084473,249098.0,2.9409999847412003,123494.0
871,2018-08-21,72.629997253418,201240.0,2.9800000190735,112317.0
872,2018-08-22,74.779998779297,300689.0,2.9560000896454,96252.0
873,2018-08-23,74.730003356934,199661.0,2.9639999866486,106844.0
874,2018-08-24,75.819999694824,235091.0,2.9170000553131,101424.0
875,2018-08-27,76.209999084473,101081.0,2.8759999275207995,61681.0
876,2018-08-28,75.949996948242,179659.0,2.8519999980927,41928.0
877,2018-08-29,77.139999389648,130440.0,2.8949999809265,7574.0
878,2018-08-30,77.769996643066,90218.0,2.8740000724792005,116910.0
879,2018-08-31,77.419998168945,25828.0,2.9159998893737997,121714.0
880,2018-09-03,78.150001525879,110912.0,2.8650000095367,0.0
881,2018-09-04,78.169998168945,320446.0,2.8229999542236,217010.0
882,2018-09-05,77.269996643066,277124.0,2.795000076294,138639.0
883,2018-09-06,76.5,274791.0,2.7720000743866002,141042.0
884,2018-09-07,76.830001831055,208999.0,2.7760000228882005,112500.0
885,2018-09-10,77.370002746582,244533.0,2.8039999008178995,160402.0
886,2018-09-11,79.05999755859399,280309.0,2.8280000686645,135665.0
887,2018-09-12,79.73999786377,315266.0,2.8289999961852996,156788.0
888,2018-09-13,78.180000305176,298144.0,2.8169999122619998,143259.0
889,2018-09-14,78.089996337891,261057.0,2.7669999599457,151714.0
890,2018-09-17,78.050003051758,207609.0,2.8139998912811,174821.0
891,2018-09-18,79.029998779297,259175.0,2.9330000877380002,238589.0
892,2018-09-19,79.400001525879,275872.0,2.9079999923706,148133.0
893,2018-09-20,78.699996948242,300163.0,2.9760000705719,192073.0
894,2018-09-21,78.800003051758,297574.0,2.9769999980927,118893.0
895,2018-09-24,81.199996948242,243314.0,3.0380001068115003,80660.0
896,2018-09-25,81.870002746582,240400.0,3.0820000171661,62946.0
897,2018-09-26,81.339996337891,130529.0,3.0209999084473,12688.0
898,2018-09-27,81.720001220703,123998.0,3.055999994278,250438.0
899,2018-09-28,82.720001220703,19684.0,3.0079998970032,166734.0
900,2018-10-01,84.980003356934,347526.0,3.0940001010895,202839.0
901,2018-10-02,84.800003051758,268609.0,3.1659998893737997,239367.0
902,2018-10-03,86.290000915527,345222.0,3.2300000190735,207041.0
903,2018-10-04,84.580001831055,361253.0,3.164999961853,242158.0
904,2018-10-05,84.160003662109,300619.0,3.1429998874663996,199270.0
905,2018-10-08,83.910003662109,290090.0,3.2669999599457,233743.0
906,2018-10-09,85.0,351396.0,3.2660000324249,287648.0
907,2018-10-10,83.089996337891,319094.0,3.2839999198913996,236725.0
908,2018-10-11,80.26000213623,482510.0,3.2219998836517,264678.0
909,2018-10-12,80.430000305176,373090.0,3.1610000133514,176415.0
910,2018-10-15,80.779998779297,284648.0,3.2420001029968,159110.0
911,2018-10-16,81.410003662109,329327.0,3.239000082016,132488.0
912,2018-10-17,80.050003051758,336595.0,3.3199999332427996,157395.0
913,2018-10-18,79.290000915527,359005.0,3.1979999542236,183520.0
914,2018-10-19,79.779998779297,291069.0,3.25,142392.0
915,2018-10-22,79.830001831055,269911.0,3.1380000114441002,172062.0
916,2018-10-23,76.44000244140601,513715.0,3.2119998931884997,178745.0
917,2018-10-24,76.169998168945,366652.0,3.1659998893737997,113607.0
918,2018-10-25,76.889999389648,215235.0,3.2019999027252,63881.0
919,2018-10-26,77.620002746582,229751.0,3.1849999427794997,64445.0
920,2018-10-29,77.339996337891,117939.0,3.1849999427794997,10672.0
921,2018-10-30,75.910003662109,115186.0,3.1870000362396,146788.0
922,2018-10-31,75.470001220703,34697.0,3.260999917984,175407.0
923,2018-11-01,72.889999389648,360162.0,3.2369999885558998,152755.0
924,2018-11-02,72.830001831055,312874.0,3.2839999198913996,168964.0
925,2018-11-05,73.169998168945,231141.0,3.5669999122619998,307244.0
926,2018-11-06,72.129997253418,290879.0,3.5550000667572004,178558.0
927,2018-11-07,72.069999694824,361361.0,3.5550000667572004,173381.0
928,2018-11-08,70.650001525879,350468.0,3.5429999828339,166771.0
929,2018-11-09,70.180000305176,292213.0,3.7190001010895,288059.0
930,2018-11-12,70.120002746582,319229.0,3.7880001068115003,243969.0
931,2018-11-13,65.470001220703,445041.0,4.1009998321533,345403.0
932,2018-11-14,66.120002746582,379718.0,4.8369998931885,459196.0
933,2018-11-15,66.620002746582,316040.0,4.0380001068115,362508.0
934,2018-11-16,66.76000213623,327717.0,4.271999835968001,270717.0
935,2018-11-19,66.790000915527,262545.0,4.699999809265099,264570.0
936,2018-11-20,62.529998779296996,417010.0,4.5229997634888,238948.0
937,2018-11-21,63.479999542236,334983.0,4.451000213623099,197741.0
938,2018-11-22,62.599998474121,164108.0,4.268000125885,0.0
939,2018-11-23,58.799999237061,279668.0,4.308000087738,121022.0
940,2018-11-26,60.479999542236,267383.0,4.2480001449585005,67981.0
941,2018-11-27,60.209999084473,271168.0,4.2620000839233,62830.0
942,2018-11-28,58.759998321533004,150813.0,4.7150001525879,18260.0
943,2018-11-29,59.509998321533004,94566.0,4.645999908447299,191435.0
944,2018-11-30,58.709999084473,27015.0,4.6119999885559,167700.0
945,2018-12-03,61.689998626709006,294774.0,4.3390002250671,190568.0
946,2018-12-04,62.080001831055,277419.0,4.4569997787475994,159868.0
947,2018-12-05,61.560001373290994,256240.0,4.4689998626709,105111.0
948,2018-12-06,60.060001373290994,399988.0,4.3270001411438,132563.0
949,2018-12-07,61.669998168945,423077.0,4.4879999160767,182159.0
950,2018-12-10,59.970001220703004,264954.0,4.545000076293901,190053.0
951,2018-12-11,60.200000762939,235332.0,4.4070000648498,175748.0
952,2018-12-12,60.150001525879,246916.0,4.136000156402599,198284.0
953,2018-12-13,61.450000762939,252397.0,4.1240000724792,193403.0
954,2018-12-14,60.279998779296996,206560.0,3.8269999027252,163126.0
955,2018-12-17,59.610000610352,246028.0,3.5280001163483,142406.0
956,2018-12-18,56.259998321533004,398563.0,3.8380000591278,149555.0
957,2018-12-19,57.240001678466996,319367.0,3.7260000705719,136944.0
958,2018-12-20,54.349998474121,299454.0,3.5829999446869,151305.0
959,2018-12-21,53.819999694824,226344.0,3.8159999847412003,99255.0
960,2018-12-24,50.470001220703004,76222.0,3.4670000076294,44120.0
961,2018-12-26,54.470001220703004,77000.0,3.5429999828339,42121.0
962,2018-12-27,52.159999847412,102589.0,3.6419999599457,10236.0
963,2018-12-28,52.200000762939,17111.0,3.3029999732971,132470.0
964,2018-12-31,53.799999237061,109109.0,2.9400000572205003,160853.0
965,2019-01-02,54.909999847412,300950.0,2.9579999446869,147676.0
966,2019-01-03,55.950000762939,278356.0,2.9449999332427996,115803.0
967,2019-01-04,57.060001373290994,321106.0,3.0439999103546,122576.0
968,2019-01-07,57.330001831055,296583.0,2.944000005722,109247.0
969,2019-01-08,58.720001220703004,288249.0,2.9670000076294,132229.0
970,2019-01-09,61.439998626709006,329048.0,2.9839999675751,120962.0
971,2019-01-10,61.680000305176,300922.0,2.9690001010895,154176.0
972,2019-01-11,60.479999542236,292786.0,3.0989999771117995,135464.0
973,2019-01-14,58.990001678466996,263276.0,3.5910000801086004,224296.0
974,2019-01-15,60.639999389648,234362.0,3.5009999275207995,184629.0
975,2019-01-16,61.319999694824,315592.0,3.3840000629425,191996.0
976,2019-01-17,61.180000305176,278415.0,3.4130001068115003,158111.0
977,2019-01-18,62.700000762939,288912.0,3.4820001125336004,160238.0
978,2019-01-21,62.740001678466996,138080.0,3.3199999332427996,0.0
979,2019-01-22,61.5,283221.0,3.039999961853,183142.0
980,2019-01-23,61.139999389648,308458.0,2.9800000190735,132844.0
981,2019-01-24,61.090000152588,274482.0,3.0989999771117995,97939.0
982,2019-01-25,61.639999389648,218031.0,3.1779999732971,52017.0
983,2019-01-28,59.930000305176,214188.0,2.9110000133514,45802.0
984,2019-01-29,61.319999694824,142125.0,2.9500000476837003,12979.0
985,2019-01-30,61.650001525879,90933.0,2.8540000915527,92035.0
986,2019-01-31,61.889999389648,20629.0,2.8139998912811,130106.0
987,2019-02-01,62.75,267223.0,2.7339999675751,124495.0
988,2019-02-04,62.509998321533004,297433.0,2.6600000858307,116490.0
989,2019-02-05,61.979999542236,215360.0,2.6619999408722,82246.0
990,2019-02-06,62.689998626709006,225570.0,2.6619999408722,98332.0
991,2019-02-07,61.63000106811499,286173.0,2.5510001182556,211794.0
992,2019-02-08,62.099998474121,254945.0,2.5829999446869,147876.0
993,2019-02-11,61.509998321533004,280955.0,2.6419999599457,202418.0
994,2019-02-12,62.419998168945,278798.0,2.6879999637604,169233.0
995,2019-02-13,63.610000610352,269676.0,2.5750000476837003,185480.0
996,2019-02-14,64.569999694824,287452.0,2.5729999542236,101556.0
997,2019-02-15,66.25,290550.0,2.625,98409.0
998,2019-02-18,66.5,175243.0,2.6459999084473,0.0
999,2019-02-19,66.449996948242,246650.0,2.6619999408722,151748.0
1000,2019-02-20,67.080001831055,276479.0,2.6359999179840004,110138.0
1001,2019-02-21,67.069999694824,245862.0,2.6970000267029,97901.0
1002,2019-02-22,67.120002746582,177620.0,2.7170000076294,35118.0
1003,2019-02-25,64.76000213623,220939.0,2.8359999656677,80154.0
1004,2019-02-26,65.209999084473,127595.0,2.8550000190735,14315.0
1005,2019-02-27,66.389999389648,102137.0,2.7990000247955003,94052.0
1006,2019-02-28,66.029998779297,19669.0,2.8120000362396,118344.0
1007,2019-03-01,65.069999694824,297192.0,2.8589999675751,134663.0
1008,2019-03-04,65.669998168945,233538.0,2.8570001125336004,103657.0
1009,2019-03-05,65.860000610352,216385.0,2.8840000629425,103057.0
1010,2019-03-06,65.98999786377,283198.0,2.8410000801086004,119633.0
1011,2019-03-07,66.300003051758,276242.0,2.8659999370575,116999.0
1012,2019-03-08,65.73999786377,316389.0,2.8650000095367,85877.0
1013,2019-03-11,66.580001831055,247806.0,2.7720000743866002,136894.0
1014,2019-03-12,66.669998168945,252126.0,2.7839999198913996,90018.0
1015,2019-03-13,67.550003051758,243201.0,2.8199999332427996,101209.0
1016,2019-03-14,67.230003356934,235989.0,2.8550000190735,85276.0
1017,2019-03-15,67.160003662109,254319.0,2.795000076294,82709.0
1018,2019-03-18,67.540000915527,208526.0,2.8499999046326,102225.0
1019,2019-03-19,67.610000610352,234136.0,2.8740000724792005,109752.0
1020,2019-03-20,68.5,235485.0,2.8199999332427996,114170.0
1021,2019-03-21,67.860000610352,303229.0,2.8210000991821005,83786.0
1022,2019-03-22,67.029998779297,284522.0,2.7530000209808,92637.0
1023,2019-03-25,67.209999084473,216757.0,2.7550001144409,49167.0
1024,2019-03-26,67.970001220703,197540.0,2.7400000095367,37149.0
1025,2019-03-27,67.830001831055,148148.0,2.7130000591278,9640.0
1026,2019-03-28,67.819999694824,131643.0,2.7119998931884997,78720.0
1027,2019-03-29,68.389999389648,20624.0,2.6619999408722,115412.0
1028,2019-04-01,69.01000213623,320766.0,2.7079999446869,129455.0
1029,2019-04-02,69.370002746582,299300.0,2.6840000152587997,106553.0
1030,2019-04-03,69.30999755859399,341499.0,2.6770000457764,96798.0
1031,2019-04-04,69.400001525879,281879.0,2.6429998874664,123663.0
1032,2019-04-05,70.339996337891,263869.0,2.6640000343323,120318.0
1033,2019-04-08,71.099998474121,288128.0,2.7079999446869,154202.0
1034,2019-04-09,70.610000610352,267491.0,2.6989998817444,117345.0
1035,2019-04-10,71.730003356934,288893.0,2.7000000476837003,127471.0
1036,2019-04-11,70.830001831055,278088.0,2.6640000343323,161210.0
1037,2019-04-12,71.550003051758,237220.0,2.6600000858307,88007.0
1038,2019-04-15,71.180000305176,219152.0,2.5899999141693,137630.0
1039,2019-04-16,71.720001220703,273904.0,2.5720000267029,103427.0
1040,2019-04-17,71.620002746582,276611.0,2.5169999599457,144893.0
1041,2019-04-18,71.949996948242,0.0,2.4900000095367,0.0
