,Date,GoldPrice,GoldVolume,SilverPrice,SilverVolume
0,2015-03-12,15.493000030518001,94.0,15.493000030518001,94.0
1,2015-03-13,15.477000236511,59.0,15.477000236511,59.0
2,2015-03-15,15.585000038147,0.0,15.585000038147,0.0
3,2015-03-16,15.600999832153,71.0,15.600999832153,71.0
4,2015-03-17,15.562000274658,39.0,15.562000274658,39.0
5,2015-03-18,15.52499961853,19.0,15.52499961853,19.0
6,2015-03-19,16.097999572754,8.0,16.097999572754,8.0
7,2015-03-20,16.867000579834002,93.0,16.867000579834002,93.0
8,2015-03-22,16.798000335693,0.0,16.798000335693,0.0
9,2015-03-23,16.871999740601,149.0,16.871999740601,149.0
10,2015-03-24,16.962999343872003,295.0,16.962999343872003,295.0
11,2015-03-25,16.979999542235998,146.0,16.979999542235998,146.0
12,2015-03-26,17.121999740601,97.0,17.121999740601,97.0
13,2015-03-27,17.052000045776,11.0,17.052000045776,11.0
14,2015-03-29,16.909999847412,0.0,16.909999847412,0.0
15,2015-03-30,16.656999588013,8.0,16.656999588013,8.0
16,2015-03-31,16.58099937439,24.0,16.58099937439,24.0
17,2015-04-01,17.04400062561,50.0,17.04400062561,50.0
18,2015-04-02,16.686000823975,38399.0,16.686000823975,38399.0
19,2015-04-03,16.686000823975,0.0,16.686000823975,0.0
20,2015-04-05,17.07200050354,0.0,17.07200050354,0.0
21,2015-04-06,17.094999313354002,17.0,17.094999313354002,17.0
22,2015-04-07,16.825000762939,200.0,16.825000762939,200.0
23,2015-04-08,16.440000534058,1.0,16.440000534058,1.0
24,2015-04-09,16.163999557495,99.0,16.163999557495,99.0
25,2015-04-10,16.370000839233,5.0,16.370000839233,5.0
26,2015-04-12,16.459999084473,0.0,16.459999084473,0.0
27,2015-04-13,16.280000686645998,35535.0,16.280000686645998,35535.0
28,2015-04-14,16.150999069214002,23.0,16.150999069214002,23.0
29,2015-04-15,16.268999099731,12732.0,16.268999099731,12732.0
30,2015-04-16,16.275999069214002,12.0,16.275999069214002,12.0
31,2015-04-17,16.221000671387,11634.0,16.221000671387,11634.0
32,2015-04-19,16.312999725342,0.0,16.312999725342,0.0
33,2015-04-20,15.883000373839998,14046.0,15.883000373839998,14046.0
34,2015-04-21,16.002000808715998,1.0,16.002000808715998,1.0
35,2015-04-22,15.791000366211,21232.0,15.791000366211,21232.0
36,2015-04-23,15.824000358582001,20776.0,15.824000358582001,20776.0
37,2015-04-24,15.630999565125,33272.0,15.630999565125,33272.0
38,2015-04-26,15.770000457764,0.0,15.770000457764,0.0
39,2015-04-27,16.389999389648,70.0,16.389999389648,70.0
40,2015-04-28,16.586999893188,50.0,16.586999893188,50.0
41,2015-04-29,16.670000076294,16432.0,16.670000076294,16432.0
42,2015-04-30,16.124000549316,2479.0,16.124000549316,2479.0
43,2015-05-01,16.111000061035,733.0,16.111000061035,733.0
44,2015-05-03,16.174999237061,0.0,16.174999237061,0.0
45,2015-05-04,16.417999267578,71.0,16.417999267578,71.0
46,2015-05-05,16.556999206543,47.0,16.556999206543,47.0
47,2015-05-06,16.483999252319,98.0,16.483999252319,98.0
48,2015-05-07,16.271999359131,101.0,16.271999359131,101.0
49,2015-05-08,16.441999435425,67.0,16.441999435425,67.0
50,2015-05-10,16.468000411987,0.0,16.468000411987,0.0
51,2015-05-11,16.298000335693,242.0,16.298000335693,242.0
52,2015-05-12,16.510000228882,28.0,16.510000228882,28.0
53,2015-05-13,17.207000732422,137.0,17.207000732422,137.0
54,2015-05-14,17.448999404907,15.0,17.448999404907,15.0
55,2015-05-15,17.545000076294,44.0,17.545000076294,44.0
56,2015-05-17,17.559999465942,0.0,17.559999465942,0.0
57,2015-05-18,17.711999893188,215.0,17.711999893188,215.0
58,2015-05-19,17.049999237061,24.0,17.049999237061,24.0
59,2015-05-20,17.091999053955,8.0,17.091999053955,8.0
60,2015-05-21,17.111000061035,11.0,17.111000061035,11.0
61,2015-05-22,17.030000686645998,15.0,17.030000686645998,15.0
62,2015-05-24,17.02499961853,0.0,17.02499961853,0.0
63,2015-05-25,17.104999542235998,0.0,17.104999542235998,0.0
64,2015-05-26,16.733999252319,114.0,16.733999252319,114.0
65,2015-05-27,16.638000488281,163.0,16.638000488281,163.0
66,2015-05-28,16.65299987793,73.0,16.65299987793,73.0
67,2015-05-29,16.684000015259,24.0,16.684000015259,24.0
68,2015-05-31,16.70299911499,0.0,16.70299911499,0.0
69,2015-06-01,16.663999557495,24.0,16.663999557495,24.0
70,2015-06-02,16.783000946045,41683.0,16.783000946045,41683.0
71,2015-06-03,16.464000701904,2.0,16.464000701904,2.0
72,2015-06-04,16.089000701904,11.0,16.089000701904,11.0
73,2015-06-05,15.970999717711999,14.0,15.970999717711999,14.0
74,2015-06-07,15.993000030518001,0.0,15.993000030518001,0.0
75,2015-06-08,15.951000213622999,16.0,15.951000213622999,16.0
76,2015-06-09,15.949000358582001,1.0,15.949000358582001,1.0
77,2015-06-10,15.951999664307001,45246.0,15.951999664307001,45246.0
78,2015-06-11,15.953000068664998,5.0,15.953000068664998,5.0
79,2015-06-12,15.817999839783,5.0,15.817999839783,5.0
80,2015-06-14,15.982999801636,0.0,15.982999801636,0.0
81,2015-06-15,16.076000213623,2.0,16.076000213623,2.0
82,2015-06-16,15.958000183105,8259.0,15.958000183105,8259.0
83,2015-06-17,15.939999580383,2.0,15.939999580383,2.0
84,2015-06-18,16.148000717163,46.0,16.148000717163,46.0
85,2015-06-19,16.104000091552997,12658.0,16.104000091552997,12658.0
86,2015-06-21,16.07799911499,0.0,16.07799911499,0.0
87,2015-06-22,16.136999130249,1.0,16.136999130249,1.0
88,2015-06-23,15.732000350952001,4.0,15.732000350952001,4.0
89,2015-06-24,15.847999572753999,21.0,15.847999572753999,21.0
90,2015-06-25,15.805000305176,1.0,15.805000305176,1.0
91,2015-06-26,15.734999656677001,1.0,15.734999656677001,1.0
92,2015-06-28,15.928000450134,0.0,15.928000450134,0.0
93,2015-06-29,15.663999557495,19508.0,15.663999557495,19508.0
94,2015-06-30,15.550999641417999,1989.0,15.550999641417999,1989.0
95,2015-07-01,15.552000045776,220.0,15.552000045776,220.0
96,2015-07-02,15.536999702453999,257.0,15.536999702453999,257.0
97,2015-07-03,15.65299987793,0.0,15.65299987793,0.0
98,2015-07-05,15.685000419617,0.0,15.685000419617,0.0
99,2015-07-06,15.725999832153,87.0,15.725999832153,87.0
100,2015-07-07,14.949999809265,1041.0,14.949999809265,1041.0
101,2015-07-08,15.147000312805,109.0,15.147000312805,109.0
102,2015-07-09,15.345000267028999,366.0,15.345000267028999,366.0
103,2015-07-10,15.468000411987,51.0,15.468000411987,51.0
104,2015-07-12,15.614999771117999,0.0,15.614999771117999,0.0
105,2015-07-13,15.4359998703,152.0,15.4359998703,152.0
106,2015-07-14,15.295000076294,27.0,15.295000076294,27.0
107,2015-07-15,15.02799987793,86.0,15.02799987793,86.0
108,2015-07-16,14.96399974823,12.0,14.96399974823,12.0
109,2015-07-17,14.819999694824,62.0,14.819999694824,62.0
110,2015-07-19,14.822999954224,0.0,14.822999954224,0.0
111,2015-07-20,14.744999885559,46.0,14.744999885559,46.0
112,2015-07-21,14.769000053406,102.0,14.769000053406,102.0
113,2015-07-22,14.71399974823,10.0,14.71399974823,10.0
114,2015-07-23,14.682999610901,172.0,14.682999610901,172.0
115,2015-07-24,14.477000236511,29.0,14.477000236511,29.0
116,2015-07-26,14.654999732971001,0.0,14.654999732971001,0.0
117,2015-07-27,14.593999862671001,18.0,14.593999862671001,18.0
118,2015-07-28,14.630999565125,168.0,14.630999565125,168.0
119,2015-07-29,14.734000205994,14.0,14.734000205994,14.0
120,2015-07-30,14.690999984741001,39.0,14.690999984741001,39.0
121,2015-07-31,14.746000289917,101.0,14.746000289917,101.0
122,2015-08-02,14.704999923706,0.0,14.704999923706,0.0
123,2015-08-03,14.515999794006,131.0,14.515999794006,131.0
124,2015-08-04,14.550000190735,119.0,14.550000190735,119.0
125,2015-08-05,14.545999526978,1.0,14.545999526978,1.0
126,2015-08-06,14.670000076294,32730.0,14.670000076294,32730.0
127,2015-08-07,14.815999984741001,16.0,14.815999984741001,16.0
128,2015-08-09,14.72500038147,0.0,14.72500038147,0.0
129,2015-08-10,15.288999557495,6.0,15.288999557495,6.0
130,2015-08-11,15.281000137328999,15.0,15.281000137328999,15.0
131,2015-08-12,15.472999572753999,4.0,15.472999572753999,4.0
132,2015-08-13,15.395999908447001,11733.0,15.395999908447001,11733.0
133,2015-08-14,15.210000038147,1.0,15.210000038147,1.0
134,2015-08-16,15.199999809265,0.0,15.199999809265,0.0
135,2015-08-17,15.295000076294,6791.0,15.295000076294,6791.0
136,2015-08-18,14.786999702453999,11205.0,14.786999702453999,11205.0
137,2015-08-19,15.175999641417999,13459.0,15.175999641417999,13459.0
138,2015-08-20,15.517000198364,252.0,15.517000198364,252.0
139,2015-08-21,15.300999641417999,17639.0,15.300999641417999,17639.0
140,2015-08-23,15.340000152588,0.0,15.340000152588,0.0
141,2015-08-24,14.762000083922999,9.0,14.762000083922999,9.0
142,2015-08-25,14.609999656677001,13.0,14.609999656677001,13.0
143,2015-08-26,14.045000076294,35.0,14.045000076294,35.0
144,2015-08-27,14.420999526978,8.0,14.420999526978,8.0
145,2015-08-28,14.534999847412,13209.0,14.534999847412,13209.0
146,2015-08-30,14.529999732971001,0.0,14.529999732971001,0.0
147,2015-08-31,14.576999664307001,1441.0,14.576999664307001,1441.0
148,2015-09-01,14.612999916077001,779.0,14.612999916077001,779.0
149,2015-09-02,14.66100025177,382.0,14.66100025177,382.0
150,2015-09-03,14.701999664307001,123.0,14.701999664307001,123.0
151,2015-09-04,14.543999671936,120.0,14.543999671936,120.0
152,2015-09-06,14.619999885559,0.0,14.619999885559,0.0
153,2015-09-07,14.515000343322999,0.0,14.515000343322999,0.0
154,2015-09-08,14.75,233.0,14.75,233.0
155,2015-09-09,14.567999839783,85.0,14.567999839783,85.0
156,2015-09-10,14.633999824524,155.0,14.633999824524,155.0
157,2015-09-11,14.489999771117999,47.0,14.489999771117999,47.0
158,2015-09-13,14.505000114441,0.0,14.505000114441,0.0
159,2015-09-14,14.357000350952001,33.0,14.357000350952001,33.0
160,2015-09-15,14.319000244141,24.0,14.319000244141,24.0
161,2015-09-16,14.878000259398998,25.0,14.878000259398998,25.0
162,2015-09-17,14.97500038147,28.0,14.97500038147,28.0
163,2015-09-18,15.154000282288001,3.0,15.154000282288001,3.0
164,2015-09-20,15.154999732971001,0.0,15.154999732971001,0.0
165,2015-09-21,15.215999603271001,57.0,15.215999603271001,57.0
166,2015-09-22,14.75,37.0,14.75,37.0
167,2015-09-23,14.779999732971001,12.0,14.779999732971001,12.0
168,2015-09-24,15.125,189.0,15.125,189.0
169,2015-09-25,15.105999946594,21.0,15.105999946594,21.0
170,2015-09-27,15.104999542236,0.0,15.104999542236,0.0
171,2015-09-28,14.538000106812,53.0,14.538000106812,53.0
172,2015-09-29,14.569000244141,19.0,14.569000244141,19.0
173,2015-09-30,14.512999534607001,10.0,14.512999534607001,10.0
174,2015-10-01,14.505999565125,15.0,14.505999565125,15.0
175,2015-10-02,15.256999969481999,3.0,15.256999969481999,3.0
176,2015-10-04,15.220000267028999,0.0,15.220000267028999,0.0
177,2015-10-05,15.701999664307001,8.0,15.701999664307001,8.0
178,2015-10-06,15.979000091552999,37.0,15.979000091552999,37.0
179,2015-10-07,16.087999343872003,10.0,16.087999343872003,10.0
180,2015-10-08,15.760000228882001,7.0,15.760000228882001,7.0
181,2015-10-09,15.809000015258999,1.0,15.809000015258999,1.0
182,2015-10-11,15.789999961853,0.0,15.789999961853,0.0
183,2015-10-12,15.854999542236,5.0,15.854999542236,5.0
184,2015-10-13,15.897000312805,15.0,15.897000312805,15.0
185,2015-10-14,16.101999282837,18.0,16.101999282837,18.0
186,2015-10-15,16.152000427246,16.0,16.152000427246,16.0
187,2015-10-16,16.101999282837,12.0,16.101999282837,12.0
188,2015-10-18,16.014999389648,0.0,16.014999389648,0.0
189,2015-10-19,15.829000473022,1.0,15.829000473022,1.0
190,2015-10-20,15.904999732971001,6.0,15.904999732971001,6.0
191,2015-10-21,15.696000099182001,10.0,15.696000099182001,10.0
192,2015-10-22,15.822999954224,33495.0,15.822999954224,33495.0
193,2015-10-23,15.817999839783,5.0,15.817999839783,5.0
194,2015-10-25,15.840000152588,0.0,15.840000152588,0.0
195,2015-10-26,15.89999961853,1.0,15.89999961853,1.0
196,2015-10-27,15.857999801636,7.0,15.857999801636,7.0
197,2015-10-28,16.288000106812,17.0,16.288000106812,17.0
198,2015-10-29,15.543999671936,31.0,15.543999671936,31.0
199,2015-10-30,15.565999984741001,19.0,15.565999984741001,19.0
200,2015-11-01,15.505000114441,0.0,15.505000114441,0.0
201,2015-11-02,15.413000106812,4.0,15.413000106812,4.0
202,2015-11-03,15.244000434875,1.0,15.244000434875,1.0
203,2015-11-04,15.062999725342,1.0,15.062999725342,1.0
204,2015-11-05,14.987999916077001,42796.0,14.987999916077001,42796.0
205,2015-11-06,14.696000099182001,14.0,14.696000099182001,14.0
206,2015-11-08,14.710000038147,0.0,14.710000038147,0.0
207,2015-11-09,14.418000221252,50392.0,14.418000221252,50392.0
208,2015-11-10,14.355999946594,3.0,14.355999946594,3.0
209,2015-11-11,14.262000083922999,10.0,14.262000083922999,10.0
210,2015-11-12,14.223999977112,16.0,14.223999977112,16.0
211,2015-11-13,14.203000068664998,39517.0,14.203000068664998,39517.0
212,2015-11-15,14.364999771117999,0.0,14.364999771117999,0.0
213,2015-11-16,14.220999717711999,4.0,14.220999717711999,4.0
214,2015-11-17,14.170000076294,2.0,14.170000076294,2.0
215,2015-11-18,14.079999923706,14.0,14.079999923706,14.0
216,2015-11-19,14.241999626160002,33.0,14.241999626160002,33.0
217,2015-11-20,14.105999946594,1.0,14.105999946594,1.0
218,2015-11-22,14.125,0.0,14.125,0.0
219,2015-11-23,14.041999816895,3.0,14.041999816895,3.0
220,2015-11-24,14.168999671936,5.0,14.168999671936,5.0
221,2015-11-25,14.168000221252,1.0,14.168000221252,1.0
222,2015-11-26,14.229999542236,0.0,14.229999542236,0.0
223,2015-11-27,14.008000373839998,17231.0,14.008000373839998,17231.0
224,2015-11-29,14.034999847412,0.0,14.034999847412,0.0
225,2015-11-30,14.050000190735,1623.0,14.050000190735,1623.0
226,2015-12-01,14.055000305176,281.0,14.055000305176,281.0
227,2015-12-02,13.979000091552999,210.0,13.979000091552999,210.0
228,2015-12-03,14.053000450134,498.0,14.053000450134,498.0
229,2015-12-04,14.505000114441,92.0,14.505000114441,92.0
230,2015-12-06,14.470000267028999,0.0,14.470000267028999,0.0
231,2015-12-07,14.307000160217,60.0,14.307000160217,60.0
232,2015-12-08,14.090999603271001,72.0,14.090999603271001,72.0
233,2015-12-09,14.163999557495,37.0,14.163999557495,37.0
234,2015-12-10,14.085000038147,6.0,14.085000038147,6.0
235,2015-12-11,13.859000205994,20.0,13.859000205994,20.0
236,2015-12-13,13.939999580383,0.0,13.939999580383,0.0
237,2015-12-14,13.666000366211,90.0,13.666000366211,90.0
238,2015-12-15,13.739999771117999,2.0,13.739999771117999,2.0
239,2015-12-16,14.218000411987,22.0,14.218000411987,22.0
240,2015-12-17,13.682999610901,150.0,13.682999610901,150.0
241,2015-12-18,14.079999923706,20.0,14.079999923706,20.0
242,2015-12-20,14.060000419617,0.0,14.060000419617,0.0
243,2015-12-21,14.300999641417999,19.0,14.300999641417999,19.0
244,2015-12-22,14.302000045776,35.0,14.302000045776,35.0
245,2015-12-23,14.277000427246001,71.0,14.277000427246001,71.0
246,2015-12-24,14.369000434875,4.0,14.369000434875,4.0
247,2015-12-27,14.340000152588,0.0,14.340000152588,0.0
248,2015-12-28,13.873000144958,10.0,13.873000144958,10.0
249,2015-12-29,13.916999816895,8.0,13.916999816895,8.0
250,2015-12-30,13.8140001297,106.0,13.8140001297,106.0
251,2015-12-31,13.77499961853,13.0,13.77499961853,13.0
252,2016-01-03,13.890000343322999,0.0,13.890000343322999,0.0
253,2016-01-04,13.817000389099,27.0,13.817000389099,27.0
254,2016-01-05,13.949000358582001,4.0,13.949000358582001,4.0
255,2016-01-06,13.956999778748,105.0,13.956999778748,105.0
256,2016-01-07,14.335000038147,286.0,14.335000038147,286.0
257,2016-01-08,13.907999992370998,6.0,13.907999992370998,6.0
258,2016-01-10,13.944999694824,0.0,13.944999694824,0.0
259,2016-01-11,13.854999542236,17.0,13.854999542236,17.0
260,2016-01-12,13.739999771117999,15.0,13.739999771117999,15.0
261,2016-01-13,14.145000457764,17.0,14.145000457764,17.0
262,2016-01-14,13.737000465392999,1.0,13.737000465392999,1.0
263,2016-01-15,13.883999824524,44607.0,13.883999824524,44607.0
264,2016-01-17,13.909999847412,0.0,13.909999847412,0.0
265,2016-01-18,13.89999961853,0.0,13.89999961853,0.0
266,2016-01-19,14.109999656677001,3.0,14.109999656677001,3.0
267,2016-01-20,14.147000312805,1.0,14.147000312805,1.0
268,2016-01-21,14.083000183105,2.0,14.083000183105,2.0
269,2016-01-22,14.043000221252,7.0,14.043000221252,7.0
270,2016-01-24,14.050000190735,0.0,14.050000190735,0.0
271,2016-01-25,14.239999771117999,8.0,14.239999771117999,8.0
272,2016-01-26,14.543999671936,1.0,14.543999671936,1.0
273,2016-01-27,14.439999580383,37694.0,14.439999580383,37694.0
274,2016-01-28,14.215999603271001,27.0,14.215999603271001,27.0
275,2016-01-29,14.229000091552999,27.0,14.229000091552999,27.0
276,2016-01-31,14.25,0.0,14.25,0.0
277,2016-02-01,14.329000473022,9.0,14.329000473022,9.0
278,2016-02-02,14.276000022888,2.0,14.276000022888,2.0
279,2016-02-03,14.720000267028999,47.0,14.720000267028999,47.0
280,2016-02-04,14.836000442505,23.0,14.836000442505,23.0
281,2016-02-05,14.763999938965002,7.0,14.763999938965002,7.0
282,2016-02-07,14.949999809265,0.0,14.949999809265,0.0
283,2016-02-08,15.416000366211,62.0,15.416000366211,62.0
284,2016-02-09,15.444000244141,18.0,15.444000244141,18.0
285,2016-02-10,15.277000427246001,3.0,15.277000427246001,3.0
286,2016-02-11,15.788999557495,58.0,15.788999557495,58.0
287,2016-02-12,15.784999847412,2.0,15.784999847412,2.0
288,2016-02-14,15.729999542236,0.0,15.729999542236,0.0
289,2016-02-15,15.335000038147,0.0,15.335000038147,0.0
290,2016-02-16,15.329000473022,7.0,15.329000473022,7.0
291,2016-02-17,15.371999740601002,4.0,15.371999740601002,4.0
292,2016-02-18,15.427000045776,62250.0,15.427000045776,62250.0
293,2016-02-19,15.368000030518001,50791.0,15.368000030518001,50791.0
294,2016-02-21,15.340000152588,0.0,15.340000152588,0.0
295,2016-02-22,15.178999900817999,1.0,15.178999900817999,1.0
296,2016-02-23,15.234999656677001,59962.0,15.234999656677001,59962.0
297,2016-02-24,15.291999816895,83784.0,15.291999816895,83784.0
298,2016-02-25,15.164999961853,1.0,15.164999961853,1.0
299,2016-02-26,14.6890001297,23335.0,14.6890001297,23335.0
300,2016-02-28,14.760000228882001,0.0,14.760000228882001,0.0
301,2016-02-29,14.895999908447001,1598.0,14.895999908447001,1598.0
302,2016-03-01,14.732999801636,921.0,14.732999801636,921.0
303,2016-03-02,15.003000259398998,809.0,15.003000259398998,809.0
304,2016-03-03,15.130999565125,678.0,15.130999565125,678.0
305,2016-03-04,15.680999755859,912.0,15.680999755859,912.0
306,2016-03-06,15.609999656677001,0.0,15.609999656677001,0.0
307,2016-03-07,15.623000144958,933.0,15.623000144958,933.0
308,2016-03-08,15.383999824524,906.0,15.383999824524,906.0
309,2016-03-09,15.354999542236,163.0,15.354999542236,163.0
310,2016-03-10,15.545999526978,571.0,15.545999526978,571.0
311,2016-03-11,15.607000350952001,379.0,15.607000350952001,379.0
312,2016-03-13,15.529999732971001,0.0,15.529999732971001,0.0
313,2016-03-14,15.517999649047999,276.0,15.517999649047999,276.0
314,2016-03-15,15.255000114441,259.0,15.255000114441,259.0
315,2016-03-16,15.21399974823,167.0,15.21399974823,167.0
316,2016-03-17,16.021999359131,382.0,16.021999359131,382.0
317,2016-03-18,15.805999755859,118.0,15.805999755859,118.0
318,2016-03-20,15.800000190735,0.0,15.800000190735,0.0
319,2016-03-21,15.840999603271001,21.0,15.840999603271001,21.0
320,2016-03-22,15.876999855042,45.0,15.876999855042,45.0
321,2016-03-23,15.262999534607001,215.0,15.262999534607001,215.0
322,2016-03-24,15.190999984741001,73.0,15.190999984741001,73.0
323,2016-03-25,15.199999809265,0.0,15.199999809265,0.0
324,2016-03-27,15.220000267028999,0.0,15.220000267028999,0.0
325,2016-03-28,15.194000244141,91.0,15.194000244141,91.0
326,2016-03-29,15.237000465392999,8.0,15.237000465392999,8.0
327,2016-03-30,15.206000328064,36.0,15.206000328064,36.0
328,2016-03-31,15.460000038147,39.0,15.460000038147,39.0
329,2016-04-01,15.041999816895,71485.0,15.041999816895,71485.0
330,2016-04-03,15.020000457764,0.0,15.020000457764,0.0
331,2016-04-04,14.942000389099,4.0,14.942000389099,4.0
332,2016-04-05,15.114000320435,8.0,15.114000320435,8.0
333,2016-04-06,15.052000045776,41545.0,15.052000045776,41545.0
334,2016-04-07,15.156000137328999,12.0,15.156000137328999,12.0
335,2016-04-08,15.381999969481999,43343.0,15.381999969481999,43343.0
336,2016-04-10,15.395000457764,0.0,15.395000457764,0.0
337,2016-04-11,15.973999977112,14.0,15.973999977112,14.0
338,2016-04-12,16.219999313354002,7.0,16.219999313354002,7.0
339,2016-04-13,16.322999954224,4.0,16.322999954224,4.0
340,2016-04-14,16.16900062561,2.0,16.16900062561,2.0
341,2016-04-15,16.309000015259,35.0,16.309000015259,35.0
342,2016-04-17,16.264999389648,0.0,16.264999389648,0.0
343,2016-04-18,16.249000549316,4.0,16.249000549316,4.0
344,2016-04-19,16.968000411987,107564.0,16.968000411987,107564.0
345,2016-04-20,17.131000518799,2.0,17.131000518799,2.0
346,2016-04-21,17.086000442505,48.0,17.086000442505,48.0
347,2016-04-22,16.895999908447003,7.0,16.895999908447003,7.0
348,2016-04-24,17.040000915527,0.0,17.040000915527,0.0
349,2016-04-25,17.004999160767,1.0,17.004999160767,1.0
350,2016-04-26,17.106000900269,2.0,17.106000900269,2.0
351,2016-04-27,17.285999298096,60505.0,17.285999298096,60505.0
352,2016-04-28,17.55299949646,24298.0,17.55299949646,24298.0
353,2016-04-29,17.788999557495,4872.0,17.788999557495,4872.0
354,2016-05-01,17.879999160767,0.0,17.879999160767,0.0
355,2016-05-02,17.656000137329,1122.0,17.656000137329,1122.0
356,2016-05-03,17.474000930785998,452.0,17.474000930785998,452.0
357,2016-05-04,17.277000427246,421.0,17.277000427246,421.0
358,2016-05-05,17.302000045776,242.0,17.302000045776,242.0
359,2016-05-06,17.506999969482,128.0,17.506999969482,128.0
360,2016-05-08,17.450000762939,0.0,17.450000762939,0.0
361,2016-05-09,17.069999694824,368.0,17.069999694824,368.0
362,2016-05-10,17.075000762939,190.0,17.075000762939,190.0
363,2016-05-11,17.302000045776,58.0,17.302000045776,58.0
364,2016-05-12,17.086999893188,36.0,17.086999893188,36.0
365,2016-05-13,17.114999771118,54.0,17.114999771118,54.0
366,2016-05-15,17.14999961853,0.0,17.14999961853,0.0
367,2016-05-16,17.142000198364002,30.0,17.142000198364002,30.0
368,2016-05-17,17.235000610352,65.0,17.235000610352,65.0
369,2016-05-18,17.120000839233,78.0,17.120000839233,78.0
370,2016-05-19,16.479000091552997,80.0,16.479000091552997,80.0
371,2016-05-20,16.518999099731,2.0,16.518999099731,2.0
372,2016-05-22,16.5,0.0,16.5,0.0
373,2016-05-23,16.409999847412,23.0,16.409999847412,23.0
374,2016-05-24,16.238000869751,10.0,16.238000869751,10.0
375,2016-05-25,16.254999160767,205.0,16.254999160767,205.0
376,2016-05-26,16.337999343872003,10.0,16.337999343872003,10.0
377,2016-05-27,16.246000289917,400.0,16.246000289917,400.0
378,2016-05-30,16.034999847412,0.0,16.034999847412,0.0
379,2016-05-31,15.97200012207,80.0,15.97200012207,80.0
380,2016-06-01,15.906000137328999,7.0,15.906000137328999,7.0
381,2016-06-02,16.004999160767,2.0,16.004999160767,2.0
382,2016-06-03,16.346000671387,7.0,16.346000671387,7.0
383,2016-06-05,16.454999923706,0.0,16.454999923706,0.0
384,2016-06-06,16.42799949646,3.0,16.42799949646,3.0
385,2016-06-07,16.377000808715998,3.0,16.377000808715998,3.0
386,2016-06-08,16.968000411987,10.0,16.968000411987,10.0
387,2016-06-09,17.253000259399,25.0,17.253000259399,25.0
388,2016-06-10,17.315000534058,1.0,17.315000534058,1.0
389,2016-06-12,17.375,0.0,17.375,0.0
390,2016-06-13,17.42799949646,2.0,17.42799949646,2.0
391,2016-06-14,17.409999847412,18.0,17.409999847412,18.0
392,2016-06-15,17.489000320435,1.0,17.489000320435,1.0
393,2016-06-16,17.593999862671,10.0,17.593999862671,10.0
394,2016-06-17,17.39999961853,2.0,17.39999961853,2.0
395,2016-06-19,17.450000762939,0.0,17.450000762939,0.0
396,2016-06-20,17.503000259399,3.0,17.503000259399,3.0
397,2016-06-21,17.311000823975,80.0,17.311000823975,80.0
398,2016-06-22,17.305000305176,3.0,17.305000305176,3.0
399,2016-06-23,17.347999572754,4.0,17.347999572754,4.0
400,2016-06-24,17.784999847412,64.0,17.784999847412,64.0
401,2016-06-26,17.930000305176,0.0,17.930000305176,0.0
402,2016-06-27,17.739999771118,1.0,17.739999771118,1.0
403,2016-06-28,17.839000701904,10.0,17.839000701904,10.0
404,2016-06-29,18.361999511719,26073.0,18.361999511719,26073.0
405,2016-06-30,18.582000732422,1444.0,18.582000732422,1444.0
406,2016-07-01,19.54400062561,1083.0,19.54400062561,1083.0
407,2016-07-03,20.030000686645998,0.0,20.030000686645998,0.0
408,2016-07-04,20.489999771118,0.0,20.489999771118,0.0
409,2016-07-05,19.865999221802,948.0,19.865999221802,948.0
410,2016-07-06,20.159999847412,407.0,20.159999847412,407.0
411,2016-07-07,19.798000335693,536.0,19.798000335693,536.0
412,2016-07-08,20.058000564575,384.0,20.058000564575,384.0
413,2016-07-10,20.538000106812,0.0,20.538000106812,0.0
414,2016-07-11,20.263999938965,138.0,20.263999938965,138.0
415,2016-07-12,20.129999160767,141.0,20.129999160767,141.0
416,2016-07-13,20.370000839233,86.0,20.370000839233,86.0
417,2016-07-14,20.281000137329,115.0,20.281000137329,115.0
418,2016-07-15,20.125,93.0,20.125,93.0
419,2016-07-17,20.247999191284002,0.0,20.247999191284002,0.0
420,2016-07-18,20.04400062561,301.0,20.04400062561,301.0
421,2016-07-19,19.97500038147,46.0,19.97500038147,46.0
422,2016-07-20,19.582000732422,136.0,19.582000732422,136.0
423,2016-07-21,19.784000396729,28.0,19.784000396729,28.0
424,2016-07-22,19.656999588013,75.0,19.656999588013,75.0
425,2016-07-24,19.652000427246,0.0,19.652000427246,0.0
426,2016-07-25,19.614999771118,122.0,19.614999771118,122.0
427,2016-07-26,19.655000686645998,171.0,19.655000686645998,171.0
428,2016-07-27,19.965000152588,1.0,19.965000152588,1.0
429,2016-07-28,20.159999847412,23.0,20.159999847412,23.0
430,2016-07-29,20.312000274658,90.0,20.312000274658,90.0
431,2016-07-31,20.406999588013,0.0,20.406999588013,0.0
432,2016-08-01,20.465000152588,19.0,20.465000152588,19.0
433,2016-08-02,20.666000366210998,32.0,20.666000366210998,32.0
434,2016-08-03,20.436000823975,22.0,20.436000823975,22.0
435,2016-08-04,20.406000137329,28.0,20.406000137329,28.0
436,2016-08-05,19.780000686645998,10.0,19.780000686645998,10.0
437,2016-08-07,19.693000793457,0.0,19.693000793457,0.0
438,2016-08-08,19.767999649048,29.0,19.767999649048,29.0
439,2016-08-09,19.813999176025,9.0,19.813999176025,9.0
440,2016-08-10,20.134000778198,10.0,20.134000778198,10.0
441,2016-08-11,19.983999252319,62.0,19.983999252319,62.0
442,2016-08-12,19.67200088501,10.0,19.67200088501,10.0
443,2016-08-14,19.818000793457,0.0,19.818000793457,0.0
444,2016-08-15,19.820999145508,1.0,19.820999145508,1.0
445,2016-08-16,19.847999572754,27.0,19.847999572754,27.0
446,2016-08-17,19.627000808715998,1.0,19.627000808715998,1.0
447,2016-08-18,19.719999313354002,12.0,19.719999313354002,12.0
448,2016-08-19,19.301000595093,2.0,19.301000595093,2.0
449,2016-08-21,18.986999511719,0.0,18.986999511719,0.0
450,2016-08-22,18.843000411987,24.0,18.843000411987,24.0
451,2016-08-23,18.909999847412,26.0,18.909999847412,26.0
452,2016-08-24,18.545000076294,13.0,18.545000076294,13.0
453,2016-08-25,18.478000640869,3.0,18.478000640869,3.0
454,2016-08-26,18.645000457764002,4.0,18.645000457764002,4.0
455,2016-08-28,18.540000915527,0.0,18.540000915527,0.0
456,2016-08-29,18.761999130249,1.0,18.761999130249,1.0
457,2016-08-30,18.576999664307,14289.0,18.576999664307,14289.0
458,2016-08-31,18.621999740601,1589.0,18.621999740601,1589.0
459,2016-09-01,18.857000350952,370.0,18.857000350952,370.0
460,2016-09-02,19.275999069214002,508.0,19.275999069214002,508.0
461,2016-09-04,19.44700050354,0.0,19.44700050354,0.0
462,2016-09-05,19.632999420165998,0.0,19.632999420165998,0.0
463,2016-09-06,20.048999786377,825.0,20.048999786377,825.0
464,2016-09-07,19.759000778198,236.0,19.759000778198,236.0
465,2016-09-08,19.590999603271,237.0,19.590999603271,237.0
466,2016-09-09,19.281999588013,125.0,19.281999588013,125.0
467,2016-09-11,19.156999588013,0.0,19.156999588013,0.0
468,2016-09-12,18.915000915527,253.0,18.915000915527,253.0
469,2016-09-13,18.889999389648,76.0,18.889999389648,76.0
470,2016-09-14,18.982000350952,107.0,18.982000350952,107.0
471,2016-09-15,18.958999633789002,133.0,18.958999633789002,133.0
472,2016-09-16,18.781000137329,79.0,18.781000137329,79.0
473,2016-09-18,18.882999420165998,0.0,18.882999420165998,0.0
474,2016-09-19,19.20599937439,48.0,19.20599937439,48.0
475,2016-09-20,19.194999694824,13.0,19.194999694824,13.0
476,2016-09-21,19.686000823975,22.0,19.686000823975,22.0
477,2016-09-22,20.020000457764002,42.0,20.020000457764002,42.0
478,2016-09-23,19.732999801635998,48.0,19.732999801635998,48.0
479,2016-09-25,19.781999588013,0.0,19.781999588013,0.0
480,2016-09-26,19.516000747681,38.0,19.516000747681,38.0
481,2016-09-27,19.086999893188,30.0,19.086999893188,30.0
482,2016-09-28,19.04400062561,54.0,19.04400062561,54.0
483,2016-09-29,19.114999771118,94.0,19.114999771118,94.0
484,2016-09-30,19.138999938965,70.0,19.138999938965,70.0
485,2016-10-02,19.218000411987,0.0,19.218000411987,0.0
486,2016-10-03,18.795000076294,13.0,18.795000076294,13.0
487,2016-10-04,17.712999343872003,160.0,17.712999343872003,160.0
488,2016-10-05,17.634000778198,19.0,17.634000778198,19.0
489,2016-10-06,17.288000106812,16.0,17.288000106812,16.0
490,2016-10-07,17.323999404907,69.0,17.323999404907,69.0
491,2016-10-09,17.711999893188,0.0,17.711999893188,0.0
492,2016-10-10,17.604999542235998,3.0,17.604999542235998,3.0
493,2016-10-11,17.45599937439,5.0,17.45599937439,5.0
494,2016-10-12,17.454999923706,11.0,17.454999923706,11.0
495,2016-10-13,17.409999847412,9.0,17.409999847412,9.0
496,2016-10-14,17.392999649048,32.0,17.392999649048,32.0
497,2016-10-16,17.461999893188,0.0,17.461999893188,0.0
498,2016-10-17,17.426000595093,13.0,17.426000595093,13.0
499,2016-10-18,17.590999603271,21.0,17.590999603271,21.0
500,2016-10-19,17.615999221802,9.0,17.615999221802,9.0
501,2016-10-20,17.502000808715998,17.0,17.502000808715998,17.0
502,2016-10-21,17.447999954224,59.0,17.447999954224,59.0
503,2016-10-23,17.52499961853,0.0,17.52499961853,0.0
504,2016-10-24,17.562000274658,113.0,17.562000274658,113.0
505,2016-10-25,17.736000061035,12.0,17.736000061035,12.0
506,2016-10-26,17.584999084473,6.0,17.584999084473,6.0
507,2016-10-27,17.604000091552997,17.0,17.604000091552997,17.0
508,2016-10-28,17.761999130249,38.0,17.761999130249,38.0
509,2016-10-30,17.840000152588,0.0,17.840000152588,0.0
510,2016-10-31,17.761999130249,4.0,17.761999130249,4.0
511,2016-11-01,18.385000228882,50.0,18.385000228882,50.0
512,2016-11-02,18.659999847412,14.0,18.659999847412,14.0
513,2016-11-03,18.382999420165998,4.0,18.382999420165998,4.0
514,2016-11-04,18.341999053955,10.0,18.341999053955,10.0
515,2016-11-06,18.174999237061,0.0,18.174999237061,0.0
516,2016-11-07,18.124000549316,10.0,18.124000549316,10.0
517,2016-11-08,18.329999923706,21.0,18.329999923706,21.0
518,2016-11-09,18.357000350952,19.0,18.357000350952,19.0
519,2016-11-10,18.715999603271,4.0,18.715999603271,4.0
520,2016-11-11,17.364000320435,29.0,17.364000320435,29.0
521,2016-11-13,17.457000732422,0.0,17.457000732422,0.0
522,2016-11-14,16.877000808715998,22.0,16.877000808715998,22.0
523,2016-11-15,17.028999328613,1.0,17.028999328613,1.0
524,2016-11-16,16.913999557495,1.0,16.913999557495,1.0
525,2016-11-17,16.760999679565,245.0,16.760999679565,245.0
526,2016-11-18,16.613000869751,25.0,16.613000869751,25.0
527,2016-11-20,16.55299949646,0.0,16.55299949646,0.0
528,2016-11-21,16.511999130249,3.0,16.511999130249,3.0
529,2016-11-22,16.622999191284002,129.0,16.622999191284002,129.0
530,2016-11-23,16.382999420165998,2.0,16.382999420165998,2.0
531,2016-11-24,16.343000411987,0.0,16.343000411987,0.0
532,2016-11-25,16.464000701904,1.0,16.464000701904,1.0
533,2016-11-28,16.57799911499,317.0,16.57799911499,317.0
534,2016-11-29,16.660999298096,17875.0,16.660999298096,17875.0
535,2016-11-30,16.406000137329,1213.0,16.406000137329,1213.0
536,2016-12-01,16.427000045776,777.0,16.427000045776,777.0
537,2016-12-02,16.753000259399,144.0,16.753000259399,144.0
538,2016-12-04,16.861999511719,0.0,16.861999511719,0.0
539,2016-12-05,16.823999404907,204.0,16.823999404907,204.0
540,2016-12-06,16.739999771118,268.0,16.739999771118,268.0
541,2016-12-07,17.20299911499,40.0,17.20299911499,40.0
542,2016-12-08,17.02499961853,75.0,17.02499961853,75.0
543,2016-12-09,16.896999359131,186.0,16.896999359131,186.0
544,2016-12-11,16.968000411987,0.0,16.968000411987,0.0
545,2016-12-12,17.115999221802,104.0,17.115999221802,104.0
546,2016-12-13,16.910999298096,201.0,16.910999298096,201.0
547,2016-12-14,17.152000427246,164.0,17.152000427246,164.0
548,2016-12-15,15.897000312805,420.0,15.897000312805,420.0
549,2016-12-16,16.15299987793,135.0,16.15299987793,135.0
550,2016-12-18,16.163000106812,0.0,16.163000106812,0.0
551,2016-12-19,16.025999069214002,9.0,16.025999069214002,9.0
552,2016-12-20,16.054000854492,17.0,16.054000854492,17.0
553,2016-12-21,15.918000221252,187.0,15.918000221252,187.0
554,2016-12-22,15.814999580383,75.0,15.814999580383,75.0
555,2016-12-23,15.704000473022,10.0,15.704000473022,10.0
556,2016-12-26,15.824999809265,0.0,15.824999809265,0.0
557,2016-12-27,15.928999900817999,14.0,15.928999900817999,14.0
558,2016-12-28,15.987999916077001,175.0,15.987999916077001,175.0
559,2016-12-29,16.163000106812,119.0,16.163000106812,119.0
560,2016-12-30,15.9359998703,155.0,15.9359998703,155.0
561,2017-01-02,16.014999389648,0.0,16.014999389648,0.0
562,2017-01-03,16.356000900269,6.0,16.356000900269,6.0
563,2017-01-04,16.499000549316,7.0,16.499000549316,7.0
564,2017-01-05,16.583999633789002,5.0,16.583999633789002,5.0
565,2017-01-06,16.465999603271,4.0,16.465999603271,4.0
566,2017-01-08,16.556999206543,0.0,16.556999206543,0.0
567,2017-01-09,16.629999160767,4.0,16.629999160767,4.0
568,2017-01-10,16.80299949646,242.0,16.80299949646,242.0
569,2017-01-11,16.783000946045,3.0,16.783000946045,3.0
570,2017-01-12,16.780000686645998,5.0,16.780000686645998,5.0
571,2017-01-13,16.719999313354002,9.0,16.719999313354002,9.0
572,2017-01-15,16.898000717163,0.0,16.898000717163,0.0
573,2017-01-16,16.832000732422,0.0,16.832000732422,0.0
574,2017-01-17,17.101999282837,860.0,17.101999282837,860.0
575,2017-01-18,17.235000610352,104.0,17.235000610352,104.0
576,2017-01-19,16.966999053955,4.0,16.966999053955,4.0
577,2017-01-20,16.996999740601,67.0,16.996999740601,67.0
578,2017-01-22,17.181999206543,0.0,17.181999206543,0.0
579,2017-01-23,17.14999961853,10.0,17.14999961853,10.0
580,2017-01-24,17.149000167847,2.0,17.149000167847,2.0
581,2017-01-25,16.944000244140998,5.0,16.944000244140998,5.0
582,2017-01-26,16.813999176025,396.0,16.813999176025,396.0
583,2017-01-27,17.10000038147,1.0,17.10000038147,1.0
584,2017-01-29,17.218000411987,0.0,17.218000411987,0.0
585,2017-01-30,17.121999740601,26.0,17.121999740601,26.0
586,2017-01-31,17.511999130249,29.0,17.511999130249,29.0
587,2017-02-01,17.420000076294,15.0,17.420000076294,15.0
588,2017-02-02,17.402000427246,19.0,17.402000427246,19.0
589,2017-02-03,17.45299911499,2.0,17.45299911499,2.0
590,2017-02-05,17.486999511719,0.0,17.486999511719,0.0
591,2017-02-06,17.666999816895,25.0,17.666999816895,25.0
592,2017-02-07,17.732999801635998,6.0,17.732999801635998,6.0
593,2017-02-08,17.683000564575,16.0,17.683000564575,16.0
594,2017-02-09,17.719999313354002,109.0,17.719999313354002,109.0
595,2017-02-10,17.912000656127997,67.0,17.912000656127997,67.0
596,2017-02-12,17.931999206543,0.0,17.931999206543,0.0
597,2017-02-13,17.804000854492,8.0,17.804000854492,8.0
598,2017-02-14,17.871999740601,26.0,17.871999740601,26.0
599,2017-02-15,17.94700050354,24.0,17.94700050354,24.0
600,2017-02-16,18.062999725342,16.0,18.062999725342,16.0
601,2017-02-17,18.018999099731,175.0,18.018999099731,175.0
602,2017-02-19,18.002000808715998,0.0,18.002000808715998,0.0
603,2017-02-20,18.042999267578,0.0,18.042999267578,0.0
604,2017-02-21,17.989999771118,189.0,17.989999771118,189.0
605,2017-02-22,17.941999435425,3831.0,17.941999435425,3831.0
606,2017-02-23,18.113000869751,68.0,18.113000869751,68.0
607,2017-02-24,18.334999084473,2845.0,18.334999084473,2845.0
608,2017-02-26,18.388000488281,0.0,18.388000488281,0.0
609,2017-02-27,18.354000091552997,24873.0,18.354000091552997,24873.0
610,2017-02-28,18.420000076294,4006.0,18.420000076294,4006.0
611,2017-03-01,18.443000793457,985.0,18.443000793457,985.0
612,2017-03-02,17.704999923706,898.0,17.704999923706,898.0
613,2017-03-03,17.69700050354,451.0,17.69700050354,451.0
614,2017-03-05,17.976999282837,0.0,17.976999282837,0.0
615,2017-03-06,17.72500038147,304.0,17.72500038147,304.0
616,2017-03-07,17.492000579834002,359.0,17.492000579834002,359.0
617,2017-03-08,17.256999969482,886.0,17.256999969482,886.0
618,2017-03-09,16.993000030518,108.0,16.993000030518,108.0
619,2017-03-10,16.882999420165998,170.0,16.882999420165998,170.0
620,2017-03-12,17.017000198364002,0.0,17.017000198364002,0.0
621,2017-03-13,16.934999465942,207.0,16.934999465942,207.0
622,2017-03-14,16.888000488281,92.0,16.888000488281,92.0
623,2017-03-15,16.888000488281,122.0,16.888000488281,122.0
624,2017-03-16,17.295999526978,226.0,17.295999526978,226.0
625,2017-03-17,17.378999710083,59.0,17.378999710083,59.0
626,2017-03-19,17.42799949646,0.0,17.42799949646,0.0
627,2017-03-20,17.40299987793,83.0,17.40299987793,83.0
628,2017-03-21,17.549999237061,21.0,17.549999237061,21.0
629,2017-03-22,17.545000076294,11.0,17.545000076294,11.0
630,2017-03-23,17.562999725342,29.0,17.562999725342,29.0
631,2017-03-24,17.719999313354002,244.0,17.719999313354002,244.0
632,2017-03-26,17.854999542235998,0.0,17.854999542235998,0.0
633,2017-03-27,18.079999923706,10.0,18.079999923706,10.0
634,2017-03-28,18.22500038147,74.0,18.22500038147,74.0
635,2017-03-29,18.228000640869,4.0,18.228000640869,4.0
636,2017-03-30,18.184999465942,61.0,18.184999465942,61.0
637,2017-03-31,18.235000610352,19.0,18.235000610352,19.0
638,2017-04-02,18.236999511719,0.0,18.236999511719,0.0
639,2017-04-03,18.190999984741,24.0,18.190999984741,24.0
640,2017-04-04,18.302000045776,10.0,18.302000045776,10.0
641,2017-04-05,18.166000366210998,33.0,18.166000366210998,33.0
642,2017-04-06,18.22500038147,139.0,18.22500038147,139.0
643,2017-04-07,18.129999160767,9.0,18.129999160767,9.0
644,2017-04-09,17.992000579834002,0.0,17.992000579834002,0.0
645,2017-04-10,17.893999099731,57.0,17.893999099731,57.0
646,2017-04-11,18.232999801635998,24.0,18.232999801635998,24.0
647,2017-04-12,18.278999328613,137.0,18.278999328613,137.0
648,2017-04-13,18.489000320435,7.0,18.489000320435,7.0
649,2017-04-14,18.545000076294,0.0,18.545000076294,0.0
650,2017-04-16,18.620000839233,0.0,18.620000839233,0.0
651,2017-04-17,18.493000030518,7.0,18.493000030518,7.0
652,2017-04-18,18.250999450684,36120.0,18.250999450684,36120.0
653,2017-04-19,18.135999679565,67.0,18.135999679565,67.0
654,2017-04-20,17.992000579834002,41780.0,17.992000579834002,41780.0
655,2017-04-21,17.829999923706,35.0,17.829999923706,35.0
656,2017-04-23,17.909999847412,0.0,17.909999847412,0.0
657,2017-04-24,17.847999572754,46779.0,17.847999572754,46779.0
658,2017-04-25,17.58099937439,29.0,17.58099937439,29.0
659,2017-04-26,17.353000640869,67568.0,17.353000640869,67568.0
660,2017-04-27,17.264999389648,35737.0,17.264999389648,35737.0
661,2017-04-28,17.190999984741,1538.0,17.190999984741,1538.0
662,2017-04-30,17.295000076294,0.0,17.295000076294,0.0
663,2017-05-01,16.780000686645998,1436.0,16.780000686645998,1436.0
664,2017-05-02,16.768999099731,543.0,16.768999099731,543.0
665,2017-05-03,16.486999511719,1233.0,16.486999511719,1233.0
666,2017-05-04,16.243999481201,679.0,16.243999481201,679.0
667,2017-05-05,16.215000152588,193.0,16.215000152588,193.0
668,2017-05-07,16.489999771118,0.0,16.489999771118,0.0
669,2017-05-08,16.198999404907,148.0,16.198999404907,148.0
670,2017-05-09,16.007999420165998,89.0,16.007999420165998,89.0
671,2017-05-10,16.150999069214002,125.0,16.150999069214002,125.0
672,2017-05-11,16.208999633789002,71.0,16.208999633789002,71.0
673,2017-05-12,16.346000671387,36.0,16.346000671387,36.0
674,2017-05-14,16.471000671387,0.0,16.471000671387,0.0
675,2017-05-15,16.561000823975,82.0,16.561000823975,82.0
676,2017-05-16,16.693000793457,51.0,16.693000793457,51.0
677,2017-05-17,16.851999282837,124.0,16.851999282837,124.0
678,2017-05-18,16.621000289917,57.0,16.621000289917,57.0
679,2017-05-19,16.75,73.0,16.75,73.0
680,2017-05-21,16.989999771118,0.0,16.989999771118,0.0
681,2017-05-22,17.142999649048,2.0,17.142999649048,2.0
682,2017-05-23,17.090999603271,66.0,17.090999603271,66.0
683,2017-05-24,17.076999664307,16.0,17.076999664307,16.0
684,2017-05-25,17.152000427246,86.0,17.152000427246,86.0
685,2017-05-26,17.283000946045,31.0,17.283000946045,31.0
686,2017-05-28,17.389999389648,0.0,17.389999389648,0.0
687,2017-05-29,17.392000198364002,0.0,17.392000198364002,0.0
688,2017-05-30,17.388000488281,884.0,17.388000488281,884.0
689,2017-05-31,17.368000030518,47.0,17.368000030518,47.0
690,2017-06-01,17.243000030518,83.0,17.243000030518,83.0
691,2017-06-02,17.486999511719,254.0,17.486999511719,254.0
692,2017-06-04,17.573999404907,0.0,17.573999404907,0.0
693,2017-06-05,17.54700088501,11.0,17.54700088501,11.0
694,2017-06-06,17.677000045776,18.0,17.677000045776,18.0
695,2017-06-07,17.586999893188,97.0,17.586999893188,97.0
696,2017-06-08,17.384000778198,23.0,17.384000778198,23.0
697,2017-06-09,17.193000793457,34.0,17.193000793457,34.0
698,2017-06-11,17.146999359131,0.0,17.146999359131,0.0
699,2017-06-12,16.913999557495,7.0,16.913999557495,7.0
700,2017-06-13,16.738000869751,35.0,16.738000869751,35.0
701,2017-06-14,17.107000350952,80.0,17.107000350952,80.0
702,2017-06-15,16.690999984741,13.0,16.690999984741,13.0
703,2017-06-16,16.635999679565,4.0,16.635999679565,4.0
704,2017-06-18,16.667999267578,0.0,16.667999267578,0.0
705,2017-06-19,16.482999801635998,13.0,16.482999801635998,13.0
706,2017-06-20,16.398000717163,51.0,16.398000717163,51.0
707,2017-06-21,16.354999542235998,22.0,16.354999542235998,22.0
708,2017-06-22,16.489999771118,4.0,16.489999771118,4.0
709,2017-06-23,16.628000259399,1.0,16.628000259399,1.0
710,2017-06-25,16.680000305176,0.0,16.680000305176,0.0
711,2017-06-26,16.559999465942,4.0,16.559999465942,4.0
712,2017-06-27,16.576000213623,51953.0,16.576000213623,51953.0
713,2017-06-28,16.715000152588,8.0,16.715000152588,8.0
714,2017-06-29,16.586000442505,17565.0,16.586000442505,17565.0
715,2017-06-30,16.568000793457,1336.0,16.568000793457,1336.0
716,2017-07-02,16.593000411987,0.0,16.593000411987,0.0
717,2017-07-03,16.037000656127997,425.0,16.037000656127997,425.0
718,2017-07-04,16.125999450684,0.0,16.125999450684,0.0
719,2017-07-05,15.842000007629002,615.0,15.842000007629002,615.0
720,2017-07-06,15.927000045776,185.0,15.927000045776,185.0
721,2017-07-07,15.371000289917,301.0,15.371000289917,301.0
722,2017-07-09,15.58899974823,0.0,15.58899974823,0.0
723,2017-07-10,15.576999664307001,286.0,15.576999664307001,286.0
724,2017-07-11,15.696999549866,163.0,15.696999549866,163.0
725,2017-07-12,15.83899974823,61.0,15.83899974823,61.0
726,2017-07-13,15.642000198364,20.0,15.642000198364,20.0
727,2017-07-14,15.883999824524,62.0,15.883999824524,62.0
728,2017-07-16,16.021999359131,0.0,16.021999359131,0.0
729,2017-07-17,16.049999237061,55.0,16.049999237061,55.0
730,2017-07-18,16.22200012207,97.0,16.22200012207,97.0
731,2017-07-19,16.250999450684,47.0,16.250999450684,47.0
732,2017-07-20,16.298999786377,72.0,16.298999786377,72.0
733,2017-07-21,16.409999847412,69.0,16.409999847412,69.0
734,2017-07-23,16.503999710083,0.0,16.503999710083,0.0
735,2017-07-24,16.398000717163,124.0,16.398000717163,124.0
736,2017-07-25,16.496999740601,33.0,16.496999740601,33.0
737,2017-07-26,16.415000915527,100.0,16.415000915527,100.0
738,2017-07-27,16.528999328613,5.0,16.528999328613,5.0
739,2017-07-28,16.663999557495,78.0,16.663999557495,78.0
740,2017-07-30,16.773000717163,0.0,16.773000717163,0.0
741,2017-07-31,16.75,276.0,16.75,276.0
742,2017-08-01,16.728000640869,38.0,16.728000640869,38.0
743,2017-08-02,16.69700050354,6.0,16.69700050354,6.0
744,2017-08-03,16.593999862671,57971.0,16.593999862671,57971.0
745,2017-08-04,16.22200012207,2.0,16.22200012207,2.0
746,2017-08-06,16.22500038147,0.0,16.22500038147,0.0
747,2017-08-07,16.221000671387,4.0,16.221000671387,4.0
748,2017-08-08,16.360000610352,35.0,16.360000610352,35.0
749,2017-08-09,16.833999633789002,85.0,16.833999633789002,85.0
750,2017-08-10,17.035999298096,169.0,17.035999298096,169.0
751,2017-08-11,17.041000366210998,49.0,17.041000366210998,49.0
752,2017-08-13,17.076000213623,0.0,17.076000213623,0.0
753,2017-08-14,17.093000411987,56.0,17.093000411987,56.0
754,2017-08-15,16.690000534058,15.0,16.690000534058,15.0
755,2017-08-16,16.916999816895,28.0,16.916999816895,28.0
756,2017-08-17,17.030000686645998,57.0,17.030000686645998,57.0
757,2017-08-18,16.979999542235998,25.0,16.979999542235998,25.0
758,2017-08-20,16.895999908447003,0.0,16.895999908447003,0.0
759,2017-08-21,16.995000839233,16.0,16.995000839233,16.0
760,2017-08-22,16.961999893188,15.0,16.961999893188,15.0
761,2017-08-23,17.031999588013,37.0,17.031999588013,37.0
762,2017-08-24,16.951999664307,50.0,16.951999664307,50.0
763,2017-08-25,17.038000106812,71.0,17.038000106812,71.0
764,2017-08-27,17.041999816895,0.0,17.041999816895,0.0
765,2017-08-28,17.430999755859002,99635.0,17.430999755859002,99635.0
766,2017-08-29,17.42200088501,1.0,17.42200088501,1.0
767,2017-08-30,17.403999328613,21198.0,17.403999328613,21198.0
768,2017-08-31,17.479999542235998,1473.0,17.479999542235998,1473.0
769,2017-09-01,17.718999862671,535.0,17.718999862671,535.0
770,2017-09-03,17.934000015259,0.0,17.934000015259,0.0
771,2017-09-04,17.913999557495,0.0,17.913999557495,0.0
772,2017-09-05,17.844999313354002,953.0,17.844999313354002,953.0
773,2017-09-06,17.815999984741,309.0,17.815999984741,309.0
774,2017-09-07,18.016000747681,807.0,18.016000747681,807.0
775,2017-09-08,18.027000427246,364.0,18.027000427246,364.0
776,2017-09-10,17.930000305176,0.0,17.930000305176,0.0
777,2017-09-11,17.806999206543,397.0,17.806999206543,397.0
778,2017-09-12,17.795000076294,355.0,17.795000076294,355.0
779,2017-09-13,17.771999359131,428.0,17.771999359131,428.0
780,2017-09-14,17.697999954224,275.0,17.697999954224,275.0
781,2017-09-15,17.611000061035,244.0,17.611000061035,244.0
782,2017-09-17,17.601999282837,0.0,17.601999282837,0.0
783,2017-09-18,17.070999145508,208.0,17.070999145508,208.0
784,2017-09-19,17.194999694824,163.0,17.194999694824,163.0
785,2017-09-20,17.250999450684,87.0,17.250999450684,87.0
786,2017-09-21,16.937000274658,212.0,16.937000274658,212.0
787,2017-09-22,16.90299987793,90.0,16.90299987793,90.0
788,2017-09-24,16.957000732422,0.0,16.957000732422,0.0
789,2017-09-25,17.059000015259,172.0,17.059000015259,172.0
790,2017-09-26,16.804000854492,108.0,16.804000854492,108.0
791,2017-09-27,16.747999191284002,43.0,16.747999191284002,43.0
792,2017-09-28,16.773000717163,177.0,16.773000717163,177.0
793,2017-09-29,16.607000350952,23.0,16.607000350952,23.0
794,2017-10-01,16.643999099731,0.0,16.643999099731,0.0
795,2017-10-02,16.584999084473,19.0,16.584999084473,19.0
796,2017-10-03,16.58099937439,38.0,16.58099937439,38.0
797,2017-10-04,16.562999725342,54.0,16.562999725342,54.0
798,2017-10-05,16.582000732422,19.0,16.582000732422,19.0
799,2017-10-06,16.733999252319,24.0,16.733999252319,24.0
800,2017-10-08,16.834999084473,0.0,16.834999084473,0.0
801,2017-10-09,16.916000366210998,4.0,16.916000366210998,4.0
802,2017-10-10,17.155000686645998,33.0,17.155000686645998,33.0
803,2017-10-11,17.08099937439,49.0,17.08099937439,49.0
804,2017-10-12,17.211000442505,43.0,17.211000442505,43.0
805,2017-10-13,17.354999542235998,70.0,17.354999542235998,70.0
806,2017-10-15,17.44700050354,0.0,17.44700050354,0.0
807,2017-10-16,17.315000534058,25.0,17.315000534058,25.0
808,2017-10-17,16.986999511719,55.0,16.986999511719,55.0
809,2017-10-18,16.943000793457,5.0,16.943000793457,5.0
810,2017-10-19,17.201000213623,7.0,17.201000213623,7.0
811,2017-10-20,17.021999359131,16.0,17.021999359131,16.0
812,2017-10-22,16.996000289917,0.0,16.996000289917,0.0
813,2017-10-23,17.024000167847,16.0,17.024000167847,16.0
814,2017-10-24,16.906999588013,57.0,16.906999588013,57.0
815,2017-10-25,16.868000030518,28.0,16.868000030518,28.0
816,2017-10-26,16.763999938965,64.0,16.763999938965,64.0
817,2017-10-27,16.701999664307,3.0,16.701999664307,3.0
818,2017-10-29,16.837999343872003,0.0,16.837999343872003,0.0
819,2017-10-30,16.802000045776,123.0,16.802000045776,123.0
820,2017-10-31,16.645000457764002,297.0,16.645000457764002,297.0
821,2017-11-01,17.131999969482,29.0,17.131999969482,29.0
822,2017-11-02,17.093999862671,18.0,17.093999862671,18.0
823,2017-11-03,16.79400062561,10.0,16.79400062561,10.0
824,2017-11-05,16.861000061035,0.0,16.861000061035,0.0
825,2017-11-06,17.194999694824,10.0,17.194999694824,10.0
826,2017-11-07,16.905000686645998,1.0,16.905000686645998,1.0
827,2017-11-08,17.106000900269,5.0,17.106000900269,5.0
828,2017-11-09,16.943000793457,2.0,16.943000793457,2.0
829,2017-11-10,16.843999862671,1.0,16.843999862671,1.0
830,2017-11-12,16.902000427246,0.0,16.902000427246,0.0
831,2017-11-13,17.023000717163,3.0,17.023000717163,3.0
832,2017-11-14,17.052000045776,1.0,17.052000045776,1.0
833,2017-11-15,16.950000762939,1.0,16.950000762939,1.0
834,2017-11-16,17.055999755859002,9.0,17.055999755859002,9.0
835,2017-11-17,17.357999801635998,3.0,17.357999801635998,3.0
836,2017-11-19,17.266000747681,0.0,17.266000747681,0.0
837,2017-11-20,16.826999664307,0.0,16.826999664307,0.0
838,2017-11-21,16.948999404907,1.0,16.948999404907,1.0
839,2017-11-22,17.100999832153,0.0,17.100999832153,0.0
840,2017-11-23,17.096000671387,0.0,17.096000671387,0.0
841,2017-11-24,16.981000900269,1.0,16.981000900269,1.0
842,2017-11-26,17.009000778198,0.0,17.009000778198,0.0
843,2017-11-27,17.009000778198,2.0,17.009000778198,2.0
844,2017-11-28,16.811000823975,2.0,16.811000823975,2.0
845,2017-11-29,16.457000732422,22561.0,16.457000732422,22561.0
846,2017-11-30,16.381999969482,1585.0,16.381999969482,1585.0
847,2017-12-01,16.29700088501,523.0,16.29700088501,523.0
848,2017-12-03,16.409999847412,0.0,16.409999847412,0.0
849,2017-12-04,16.284000396729,893.0,16.284000396729,893.0
850,2017-12-05,15.972999572753999,75.0,15.972999572753999,75.0
851,2017-12-06,15.868000030518001,207.0,15.868000030518001,207.0
852,2017-12-07,15.715000152588,174.0,15.715000152588,174.0
853,2017-12-08,15.736000061034998,75.0,15.736000061034998,75.0
854,2017-12-10,15.864999771117999,0.0,15.864999771117999,0.0
855,2017-12-11,15.696999549866,77.0,15.696999549866,77.0
856,2017-12-12,15.581999778748,197.0,15.581999778748,197.0
857,2017-12-13,15.784000396728999,190.0,15.784000396728999,190.0
858,2017-12-14,15.85000038147,31.0,15.85000038147,31.0
859,2017-12-15,15.977999687195,373.0,15.977999687195,373.0
860,2017-12-17,16.069999694824,0.0,16.069999694824,0.0
861,2017-12-18,16.120000839233,46.0,16.120000839233,46.0
862,2017-12-19,16.065999984741,16.0,16.065999984741,16.0
863,2017-12-20,16.187999725342,16.0,16.187999725342,16.0
864,2017-12-21,16.152000427246,46.0,16.152000427246,46.0
865,2017-12-22,16.357000350952,194.0,16.357000350952,194.0
866,2017-12-25,16.389999389648,0.0,16.389999389648,0.0
867,2017-12-26,16.520000457764002,64.0,16.520000457764002,64.0
868,2017-12-27,16.618999481201,88.0,16.618999481201,88.0
869,2017-12-28,16.832000732422,207.0,16.832000732422,207.0
870,2017-12-29,17.059999465942,17.0,17.059999465942,17.0
871,2018-01-01,17.069999694824,0.0,17.069999694824,0.0
872,2018-01-02,17.121000289917,34.0,17.121000289917,34.0
873,2018-01-03,17.184999465942,4.0,17.184999465942,4.0
874,2018-01-04,17.188999176025,34.0,17.188999176025,34.0
875,2018-01-05,17.204999923706,0.0,17.204999923706,0.0
876,2018-01-07,17.270000457764002,0.0,17.270000457764002,0.0
877,2018-01-08,17.063999176025,0.0,17.063999176025,0.0
878,2018-01-09,16.936000823975,9.0,16.936000823975,9.0
879,2018-01-10,17.603000640869,1.0,17.603000640869,1.0
880,2018-01-11,16.893999099731,35.0,16.893999099731,35.0
881,2018-01-12,17.069000244140998,52.0,17.069000244140998,52.0
882,2018-01-14,17.245000839233,0.0,17.245000839233,0.0
883,2018-01-15,17.379999160767,0.0,17.379999160767,0.0
884,2018-01-16,17.121999740601,4.0,17.121999740601,4.0
885,2018-01-17,17.104999542235998,88.0,17.104999542235998,88.0
886,2018-01-18,16.892999649048,6.0,16.892999649048,6.0
887,2018-01-19,16.97500038147,35.0,16.97500038147,35.0
888,2018-01-21,17.079999923706,0.0,17.079999923706,0.0
889,2018-01-22,16.930999755859002,3.0,16.930999755859002,3.0
890,2018-01-23,17.531999588013,1.0,17.531999588013,1.0
891,2018-01-24,17.424999237061,3.0,17.424999237061,3.0
892,2018-01-25,18.243999481201,31.0,18.243999481201,31.0
893,2018-01-26,17.381999969482,1.0,17.381999969482,1.0
894,2018-01-28,17.409999847412,0.0,17.409999847412,0.0
895,2018-01-29,17.068000793457,0.0,17.068000793457,0.0
896,2018-01-30,17.013000488281,22.0,17.013000488281,22.0
897,2018-01-31,17.204000473022,22.0,17.204000473022,22.0
898,2018-02-01,17.118000030518,0.0,17.118000030518,0.0
899,2018-02-02,16.676000595093,3.0,16.676000595093,3.0
900,2018-02-04,16.594999313354002,0.0,16.594999313354002,0.0
901,2018-02-05,16.638999938965,12.0,16.638999938965,12.0
902,2018-02-06,16.548000335693,206.0,16.548000335693,206.0
903,2018-02-07,16.20599937439,4.0,16.20599937439,4.0
904,2018-02-08,16.313999176025,0.0,16.313999176025,0.0
905,2018-02-09,16.115999221802,16.0,16.115999221802,16.0
906,2018-02-11,16.319999694824,0.0,16.319999694824,0.0
907,2018-02-12,16.548000335693,2.0,16.548000335693,2.0
908,2018-02-13,16.506999969482,3.0,16.506999969482,3.0
909,2018-02-14,16.857999801635998,201.0,16.857999801635998,201.0
910,2018-02-15,16.777000427246,23.0,16.777000427246,23.0
911,2018-02-16,16.694999694824,1.0,16.694999694824,1.0
912,2018-02-18,16.604999542235998,0.0,16.604999542235998,0.0
913,2018-02-19,16.610000610352,0.0,16.610000610352,0.0
914,2018-02-20,16.424999237061,0.0,16.424999237061,0.0
915,2018-02-21,16.604000091552997,0.0,16.604000091552997,0.0
916,2018-02-22,16.579000473022,21.0,16.579000473022,21.0
917,2018-02-23,16.475999832153,20.0,16.475999832153,20.0
918,2018-02-25,16.450000762939,0.0,16.450000762939,0.0
919,2018-02-26,16.541999816895,0.0,16.541999816895,0.0
920,2018-02-27,16.346000671387,23900.0,16.346000671387,23900.0
921,2018-02-28,16.323999404907,1018.0,16.323999404907,1018.0
922,2018-03-01,16.200000762939,564.0,16.200000762939,564.0
923,2018-03-02,16.392000198364002,83.0,16.392000198364002,83.0
924,2018-03-04,16.534999847412,0.0,16.534999847412,0.0
925,2018-03-05,16.979000091552997,30.0,16.979000091552997,30.0
926,2018-03-06,16.715000152588,344.0,16.715000152588,344.0
927,2018-03-07,16.42799949646,34.0,16.42799949646,34.0
928,2018-03-08,16.436000823975,70.0,16.436000823975,70.0
929,2018-03-09,17.187000274658,2.0,17.187000274658,2.0
930,2018-03-11,16.620000839233,0.0,16.620000839233,0.0
931,2018-03-12,16.471000671387,48.0,16.471000671387,48.0
932,2018-03-13,17.20599937439,5.0,17.20599937439,5.0
933,2018-03-14,17.111999511719,31.0,17.111999511719,31.0
934,2018-03-15,16.990999221802,1.0,16.990999221802,1.0
935,2018-03-16,16.843000411987,1.0,16.843000411987,1.0
936,2018-03-18,16.299999237061,0.0,16.299999237061,0.0
937,2018-03-19,16.254999160767,137.0,16.254999160767,137.0
938,2018-03-20,16.763999938965,44.0,16.763999938965,44.0
939,2018-03-21,16.357000350952,76.0,16.357000350952,76.0
940,2018-03-22,16.32799911499,2.0,16.32799911499,2.0
941,2018-03-23,17.16900062561,12.0,17.16900062561,12.0
942,2018-03-25,16.614999771118,0.0,16.614999771118,0.0
943,2018-03-26,17.274000167847,1.0,17.274000167847,1.0
944,2018-03-27,16.489000320435,1.0,16.489000320435,1.0
945,2018-03-28,16.204999923706,79.0,16.204999923706,79.0
946,2018-03-29,16.222999572754,39.0,16.222999572754,39.0
947,2018-04-01,16.375,0.0,16.375,0.0
948,2018-04-02,17.245000839233,11.0,17.245000839233,11.0
949,2018-04-03,16.34700012207,0.0,16.34700012207,0.0
950,2018-04-04,16.811000823975,5.0,16.811000823975,5.0
951,2018-04-05,16.319999694824,12.0,16.319999694824,12.0
952,2018-04-06,16.909999847412,9.0,16.909999847412,9.0
953,2018-04-08,16.385000228882,0.0,16.385000228882,0.0
954,2018-04-09,17.061000823975,30.0,17.061000823975,30.0
955,2018-04-10,16.565999984741,6.0,16.565999984741,6.0
956,2018-04-11,16.738000869751,0.0,16.738000869751,0.0
957,2018-04-12,16.443000793457,3.0,16.443000793457,3.0
958,2018-04-13,16.628000259399,0.0,16.628000259399,0.0
959,2018-04-15,16.625,0.0,16.625,0.0
960,2018-04-16,16.662000656127997,120.0,16.662000656127997,120.0
961,2018-04-17,16.771999359131,0.0,16.771999359131,0.0
962,2018-04-18,17.760999679565,4.0,17.760999679565,4.0
963,2018-04-19,17.22200012207,1.0,17.22200012207,1.0
964,2018-04-20,17.666000366210998,4.0,17.666000366210998,4.0
965,2018-04-22,17.084999084473,0.0,17.084999084473,0.0
966,2018-04-23,17.117000579834002,3.0,17.117000579834002,3.0
967,2018-04-24,17.243999481201,4.0,17.243999481201,4.0
968,2018-04-25,17.045000076294,1.0,17.045000076294,1.0
969,2018-04-26,17.035999298096,1.0,17.035999298096,1.0
970,2018-04-27,16.957000732422,1.0,16.957000732422,1.0
971,2018-04-29,16.454999923706,0.0,16.454999923706,0.0
972,2018-04-30,16.312000274658,1573.0,16.312000274658,1573.0
973,2018-05-01,16.038999557495,1407.0,16.038999557495,1407.0
974,2018-05-02,16.826000213623,4.0,16.826000213623,4.0
975,2018-05-03,16.361999511719,642.0,16.361999511719,642.0
976,2018-05-04,16.97500038147,3.0,16.97500038147,3.0
977,2018-05-06,16.534999847412,0.0,16.534999847412,0.0
978,2018-05-07,16.95299911499,1.0,16.95299911499,1.0
979,2018-05-08,16.938999176025,2.0,16.938999176025,2.0
980,2018-05-09,16.458000183105,152.0,16.458000183105,152.0
981,2018-05-10,16.680000305176,36.0,16.680000305176,36.0
982,2018-05-11,16.676000595093,76.0,16.676000595093,76.0
983,2018-05-13,16.72500038147,0.0,16.72500038147,0.0
984,2018-05-14,16.569999694824,67.0,16.569999694824,67.0
985,2018-05-15,16.724000930785998,1.0,16.724000930785998,1.0
986,2018-05-16,16.29700088501,48.0,16.29700088501,48.0
987,2018-05-17,16.934999465942,5.0,16.934999465942,5.0
988,2018-05-18,16.386999130249,33.0,16.386999130249,33.0
989,2018-05-20,16.454999923706,0.0,16.454999923706,0.0
990,2018-05-21,16.451999664307,15.0,16.451999664307,15.0
991,2018-05-22,16.507999420165998,72.0,16.507999420165998,72.0
992,2018-05-23,16.337999343872003,31.0,16.337999343872003,31.0
993,2018-05-24,16.621000289917,836.0,16.621000289917,836.0
994,2018-05-25,16.481000900269,64.0,16.481000900269,64.0
995,2018-05-27,16.510000228882,0.0,16.510000228882,0.0
996,2018-05-28,16.495000839233,0.0,16.495000839233,0.0
997,2018-05-29,16.305000305176,131.0,16.305000305176,131.0
998,2018-05-30,16.479000091552997,398.0,16.479000091552997,398.0
999,2018-05-31,16.402000427246,65.0,16.402000427246,65.0
1000,2018-06-01,16.891000747681,144.0,16.891000747681,144.0
1001,2018-06-03,16.409999847412,0.0,16.409999847412,0.0
1002,2018-06-04,16.378999710083,40.0,16.378999710083,40.0
1003,2018-06-05,16.490999221802,18.0,16.490999221802,18.0
1004,2018-06-06,16.642000198364002,94.0,16.642000198364002,94.0
1005,2018-06-07,17.238000869751,6.0,17.238000869751,6.0
1006,2018-06-08,16.694000244140998,16.0,16.694000244140998,16.0
1007,2018-06-10,16.784999847412,0.0,16.784999847412,0.0
1008,2018-06-11,16.905000686645998,18.0,16.905000686645998,18.0
1009,2018-06-12,16.849000930785998,0.0,16.849000930785998,0.0
1010,2018-06-13,17.416000366210998,5.0,17.416000366210998,5.0
1011,2018-06-14,17.225999832153,101.0,17.225999832153,101.0
1012,2018-06-15,16.451999664307,23.0,16.451999664307,23.0
1013,2018-06-17,16.584999084473,0.0,16.584999084473,0.0
1014,2018-06-18,16.844999313354002,3.0,16.844999313354002,3.0
1015,2018-06-19,16.724000930785998,4.0,16.724000930785998,4.0
1016,2018-06-20,16.288999557495,0.0,16.288999557495,0.0
1017,2018-06-21,16.305999755859002,0.0,16.305999755859002,0.0
1018,2018-06-22,16.867000579834002,13.0,16.867000579834002,13.0
1019,2018-06-24,16.47500038147,0.0,16.47500038147,0.0
1020,2018-06-25,16.732999801635998,13.0,16.732999801635998,13.0
1021,2018-06-26,16.652000427246,5.0,16.652000427246,5.0
1022,2018-06-27,16.556999206543,24.0,16.556999206543,24.0
1023,2018-06-28,16.361000061035,3.0,16.361000061035,3.0
1024,2018-06-29,16.104000091552997,2765.0,16.104000091552997,2765.0
1025,2018-07-01,16.159999847412,0.0,16.159999847412,0.0
1026,2018-07-02,16.143999099731,69.0,16.143999099731,69.0
1027,2018-07-03,16.351999282837,61.0,16.351999282837,61.0
1028,2018-07-04,16.129999160767,0.0,16.129999160767,0.0
1029,2018-07-05,16.007999420165998,207.0,16.007999420165998,207.0
1030,2018-07-06,16.384000778198,72.0,16.384000778198,72.0
1031,2018-07-08,16.10000038147,0.0,16.10000038147,0.0
1032,2018-07-09,16.461000442505,402.0,16.461000442505,402.0
1033,2018-07-10,16.412000656127997,306.0,16.412000656127997,306.0
1034,2018-07-11,16.138000488281,358.0,16.138000488281,358.0
1035,2018-07-12,16.304000854492,399.0,16.304000854492,399.0
1036,2018-07-13,16.139999389648,257.0,16.139999389648,257.0
1037,2018-07-15,15.835000038147,0.0,15.835000038147,0.0
1038,2018-07-16,16.135000228882,75.0,16.135000228882,75.0
1039,2018-07-17,15.930999755859,222.0,15.930999755859,222.0
1040,2018-07-18,15.880999565125,44.0,15.880999565125,44.0
1041,2018-07-19,15.703000068664998,75.0,15.703000068664998,75.0
1042,2018-07-20,15.843999862671001,6.0,15.843999862671001,6.0
1043,2018-07-22,15.545000076294,0.0,15.545000076294,0.0
1044,2018-07-23,15.717000007629002,48.0,15.717000007629002,48.0
1045,2018-07-24,15.805000305176,26.0,15.805000305176,26.0
1046,2018-07-25,15.876000404358,91.0,15.876000404358,91.0
1047,2018-07-26,15.779000282288001,62.0,15.779000282288001,62.0
1048,2018-07-27,15.77499961853,19.0,15.77499961853,19.0
1049,2018-07-29,15.510000228882001,0.0,15.510000228882001,0.0
1050,2018-07-30,15.819000244141,11.0,15.819000244141,11.0
1051,2018-07-31,15.84700012207,47.0,15.84700012207,47.0
1052,2018-08-01,15.743000030518001,45.0,15.743000030518001,45.0
1053,2018-08-02,15.663999557495,207.0,15.663999557495,207.0
1054,2018-08-03,15.741999626160002,113.0,15.741999626160002,113.0
1055,2018-08-05,15.454999923706,0.0,15.454999923706,0.0
1056,2018-08-06,15.623999595642,54.0,15.623999595642,54.0
1057,2018-08-07,15.654999732971001,130.0,15.654999732971001,130.0
1058,2018-08-08,15.717000007629002,148.0,15.717000007629002,148.0
1059,2018-08-09,15.753000259398998,187.0,15.753000259398998,187.0
1060,2018-08-10,15.585000038147,154.0,15.585000038147,154.0
1061,2018-08-12,15.324999809265,0.0,15.324999809265,0.0
1062,2018-08-13,15.267999649047999,189.0,15.267999649047999,189.0
1063,2018-08-14,15.340000152588,68.0,15.340000152588,68.0
1064,2018-08-15,14.730999946594,63.0,14.730999946594,63.0
1065,2018-08-16,14.987999916077001,15.0,14.987999916077001,15.0
1066,2018-08-17,14.90299987793,108.0,14.90299987793,108.0
1067,2018-08-19,14.765000343322999,0.0,14.765000343322999,0.0
1068,2018-08-20,14.937000274658,185.0,14.937000274658,185.0
1069,2018-08-21,15.034999847412,53.0,15.034999847412,53.0
1070,2018-08-22,15.029000282288001,140.0,15.029000282288001,140.0
1071,2018-08-23,14.817999839783,52.0,14.817999839783,52.0
1072,2018-08-24,15.079000473022,449.0,15.079000473022,449.0
1073,2018-08-26,14.829999923706,0.0,14.829999923706,0.0
1074,2018-08-27,15.152000427246001,133.0,15.152000427246001,133.0
1075,2018-08-28,15.086000442505,324.0,15.086000442505,324.0
1076,2018-08-29,14.996000289917,84.0,14.996000289917,84.0
1077,2018-08-30,14.779999732971001,51.0,14.779999732971001,51.0
1078,2018-08-31,14.741999626160002,186.0,14.741999626160002,186.0
1079,2018-09-02,14.560000419617,0.0,14.560000419617,0.0
1080,2018-09-03,14.520000457764,0.0,14.520000457764,0.0
1081,2018-09-04,14.357000350952001,426.0,14.357000350952001,426.0
1082,2018-09-05,14.394000053406,381.0,14.394000053406,381.0
1083,2018-09-06,14.350999832153,563.0,14.350999832153,563.0
1084,2018-09-07,14.345000267028999,797.0,14.345000267028999,797.0
1085,2018-09-09,14.194999694824,0.0,14.194999694824,0.0
1086,2018-09-10,14.359999656677001,813.0,14.359999656677001,813.0
1087,2018-09-11,14.335000038147,379.0,14.335000038147,379.0
1088,2018-09-12,14.477999687195,1360.0,14.477999687195,1360.0
1089,2018-09-13,14.430999755859,436.0,14.430999755859,436.0
1090,2018-09-14,14.326999664307001,487.0,14.326999664307001,487.0
1091,2018-09-16,14.079999923706,0.0,14.079999923706,0.0
1092,2018-09-17,14.41100025177,248.0,14.41100025177,248.0
1093,2018-09-18,14.371000289917,479.0,14.371000289917,479.0
1094,2018-09-19,14.458999633789,105.0,14.458999633789,105.0
1095,2018-09-20,14.484000205994,231.0,14.484000205994,231.0
1096,2018-09-21,14.538000106812,325.0,14.538000106812,325.0
1097,2018-09-23,14.300000190735,0.0,14.300000190735,0.0
1098,2018-09-24,14.519000053406,112.0,14.519000053406,112.0
1099,2018-09-25,14.677000045776,505.0,14.677000045776,505.0
1100,2018-09-26,14.585000038147,133.0,14.585000038147,133.0
1101,2018-09-27,14.47200012207,203.0,14.47200012207,203.0
1102,2018-09-28,14.897999763489,382.0,14.897999763489,382.0
1103,2018-09-30,14.685000419617,0.0,14.685000419617,0.0
1104,2018-10-01,14.694000244141,689.0,14.694000244141,689.0
1105,2018-10-02,14.880999565125,346.0,14.880999565125,346.0
1106,2018-10-03,14.859999656677001,463.0,14.859999656677001,463.0
1107,2018-10-04,14.784000396728999,1245.0,14.784000396728999,1245.0
1108,2018-10-05,14.852000236511,1173.0,14.852000236511,1173.0
1109,2018-10-07,14.680000305176,0.0,14.680000305176,0.0
1110,2018-10-08,14.529000282288001,270.0,14.529000282288001,270.0
1111,2018-10-09,14.600999832153,210.0,14.600999832153,210.0
1112,2018-10-10,14.52799987793,210.0,14.52799987793,210.0
1113,2018-10-11,14.810000419617,634.0,14.810000419617,634.0
1114,2018-10-12,14.835000038147,168.0,14.835000038147,168.0
1115,2018-10-14,14.659999847412,0.0,14.659999847412,0.0
1116,2018-10-15,14.928000450134,389.0,14.928000450134,389.0
1117,2018-10-16,14.899000167847,507.0,14.899000167847,507.0
1118,2018-10-17,14.862000465392999,225.0,14.862000465392999,225.0
1119,2018-10-18,14.800000190735,496.0,14.800000190735,496.0
1120,2018-10-19,14.845000267028999,353.0,14.845000267028999,353.0
1121,2018-10-21,14.664999961853,0.0,14.664999961853,0.0
1122,2018-10-22,14.782999992370998,89.0,14.782999992370998,89.0
1123,2018-10-23,14.996000289917,398.0,14.996000289917,398.0
1124,2018-10-24,14.876000404358,299.0,14.876000404358,299.0
1125,2018-10-25,14.831000328064,419.0,14.831000328064,419.0
1126,2018-10-26,14.901000022888,208.0,14.901000022888,208.0
1127,2018-10-28,14.710000038147,0.0,14.710000038147,0.0
1128,2018-10-29,14.644000053406,326.0,14.644000053406,326.0
1129,2018-10-30,14.663000106812,256.0,14.663000106812,256.0
1130,2018-10-31,14.484000205994,660.0,14.484000205994,660.0
1131,2018-11-01,14.980999946594,594.0,14.980999946594,594.0
1132,2018-11-02,14.96399974823,939.0,14.96399974823,939.0
1133,2018-11-04,14.765000343322999,0.0,14.765000343322999,0.0
1134,2018-11-05,14.857999801636,625.0,14.857999801636,625.0
1135,2018-11-06,14.710000038147,634.0,14.710000038147,634.0
1136,2018-11-07,14.781999588013,2434.0,14.781999588013,2434.0
1137,2018-11-08,14.637999534607001,2606.0,14.637999534607001,2606.0
1138,2018-11-09,14.354000091552999,2959.0,14.354000091552999,2959.0
1139,2018-11-11,14.159999847412,0.0,14.159999847412,0.0
1140,2018-11-12,14.229000091552999,2323.0,14.229000091552999,2323.0
1141,2018-11-13,14.192999839783,1530.0,14.192999839783,1530.0
1142,2018-11-14,14.298000335692999,1550.0,14.298000335692999,1550.0
1143,2018-11-15,14.479000091552999,1031.0,14.479000091552999,1031.0
1144,2018-11-16,14.602000236511,455.0,14.602000236511,455.0
1145,2018-11-18,14.390000343322999,0.0,14.390000343322999,0.0
1146,2018-11-19,14.619000434875,360.0,14.619000434875,360.0
1147,2018-11-20,14.479999542236,510.0,14.479999542236,510.0
1148,2018-11-21,14.718999862671001,589.0,14.718999862671001,589.0
1149,2018-11-22,14.470000267028999,0.0,14.470000267028999,0.0
1150,2018-11-23,14.461999893188,943.0,14.461999893188,943.0
1151,2018-11-25,14.39999961853,0.0,14.39999961853,0.0
1152,2018-11-26,14.437999725342,3122.0,14.437999725342,3122.0
1153,2018-11-27,14.312999725342,1038.0,14.312999725342,1038.0
1154,2018-11-28,14.545999526978,1839.0,14.545999526978,1839.0
1155,2018-11-29,14.491999626160002,1334.0,14.491999626160002,1334.0
1156,2018-11-30,14.307000160217,2202.0,14.307000160217,2202.0
1157,2018-12-02,14.310000419617,0.0,14.310000419617,0.0
1158,2018-12-03,14.590999603271001,1836.0,14.590999603271001,1836.0
1159,2018-12-04,14.732000350952001,980.0,14.732000350952001,980.0
1160,2018-12-05,14.673000335692999,584.0,14.673000335692999,584.0
1161,2018-12-06,14.59700012207,1044.0,14.59700012207,1044.0
1162,2018-12-07,14.781999588013,2127.0,14.781999588013,2127.0
1163,2018-12-09,14.696999549866,0.0,14.696999549866,0.0
1164,2018-12-10,14.690999984741001,2136.0,14.690999984741001,2136.0
1165,2018-12-11,14.713000297546001,2472.0,14.713000297546001,2472.0
1166,2018-12-12,14.935000419617,2430.0,14.935000419617,2430.0
1167,2018-12-13,14.937999725342,1871.0,14.937999725342,1871.0
1168,2018-12-14,14.72200012207,1281.0,14.72200012207,1281.0
1169,2018-12-16,14.637000083922999,0.0,14.637000083922999,0.0
1170,2018-12-17,14.843999862671001,871.0,14.843999862671001,871.0
1171,2018-12-18,14.786999702453999,1109.0,14.786999702453999,1109.0
1172,2018-12-19,14.904000282288001,1578.0,14.904000282288001,1578.0
1173,2018-12-20,14.956000328064,1242.0,14.956000328064,1242.0
1174,2018-12-21,14.788000106812,960.0,14.788000106812,960.0
1175,2018-12-23,14.722999572753999,0.0,14.722999572753999,0.0
1176,2018-12-24,14.904999732971001,744.0,14.904999732971001,744.0
1177,2018-12-25,14.812000274658,0.0,14.812000274658,0.0
1178,2018-12-26,15.211999893188,1583.0,15.211999893188,1583.0
1179,2018-12-27,15.397999763489,2073.0,15.397999763489,2073.0
1180,2018-12-28,15.520999908447001,1863.0,15.520999908447001,1863.0
1181,2018-12-30,15.437999725342,0.0,15.437999725342,0.0
1182,2018-12-31,15.626000404358,2526.0,15.626000404358,2526.0
1183,2019-01-01,15.522999763489,0.0,15.522999763489,0.0
1184,2019-01-02,15.734999656677001,1531.0,15.734999656677001,1531.0
1185,2019-01-03,15.885000228882001,2900.0,15.885000228882001,2900.0
1186,2019-01-04,15.876000404358,2643.0,15.876000404358,2643.0
1187,2019-01-06,15.755000114441,0.0,15.755000114441,0.0
1188,2019-01-07,15.845999717711999,864.0,15.845999717711999,864.0
1189,2019-01-08,15.805999755859,3976.0,15.805999755859,3976.0
1190,2019-01-09,15.831000328064,5140.0,15.831000328064,5140.0
1191,2019-01-10,15.739000320435,2860.0,15.739000320435,2860.0
1192,2019-01-11,15.751000404358,3388.0,15.751000404358,3388.0
1193,2019-01-13,15.637000083922999,0.0,15.637000083922999,0.0
1194,2019-01-14,15.781000137328999,2862.0,15.781000137328999,2862.0
1195,2019-01-15,15.711000442505,2338.0,15.711000442505,2338.0
1196,2019-01-16,15.729000091552999,1344.0,15.729000091552999,1344.0
1197,2019-01-17,15.628000259398998,965.0,15.628000259398998,965.0
1198,2019-01-18,15.489000320435,1750.0,15.489000320435,1750.0
1199,2019-01-20,15.362999916077001,0.0,15.362999916077001,0.0
1200,2019-01-21,15.282999992370998,0.0,15.282999992370998,0.0
1201,2019-01-22,15.414999961853,3347.0,15.414999961853,3347.0
1202,2019-01-23,15.470999717711999,1707.0,15.470999717711999,1707.0
1203,2019-01-24,15.392000198364,1653.0,15.392000198364,1653.0
1204,2019-01-25,15.791000366211,4006.0,15.791000366211,4006.0
1205,2019-01-27,15.732000350952001,0.0,15.732000350952001,0.0
1206,2019-01-28,15.857999801636,2998.0,15.857999801636,2998.0
1207,2019-01-29,15.932999610901,3340.0,15.932999610901,3340.0
1208,2019-01-30,16.020999908447003,5422.0,16.020999908447003,5422.0
1209,2019-01-31,16.166000366210998,4850.0,16.166000366210998,4850.0
1210,2019-02-01,16.025999069214002,7503.0,16.025999069214002,7503.0
1211,2019-02-03,15.911999702453999,0.0,15.911999702453999,0.0
1212,2019-02-04,15.984000205994,9805.0,15.984000205994,9805.0
1213,2019-02-05,15.935000419617,5347.0,15.935000419617,5347.0
1214,2019-02-06,15.800000190735,9383.0,15.800000190735,9383.0
1215,2019-02-07,15.8109998703,12708.0,15.8109998703,12708.0
1216,2019-02-08,15.906999588013,10225.0,15.906999588013,10225.0
1217,2019-02-10,15.817999839783,0.0,15.817999839783,0.0
1218,2019-02-11,15.788000106812,12549.0,15.788000106812,12549.0
1219,2019-02-12,15.788000106812,15880.0,15.788000106812,15880.0
1220,2019-02-13,15.748000144958,15264.0,15.748000144958,15264.0
1221,2019-02-14,15.621999740601002,10465.0,15.621999740601002,10465.0
1222,2019-02-15,15.840000152588,19618.0,15.840000152588,19618.0
1223,2019-02-17,15.748000144958,0.0,15.748000144958,0.0
1224,2019-02-18,15.786999702453999,0.0,15.786999702453999,0.0
1225,2019-02-19,16.066999435425,35709.0,16.066999435425,35709.0
1226,2019-02-20,16.281000137329,41690.0,16.281000137329,41690.0
1227,2019-02-21,15.906000137328999,42161.0,15.906000137328999,42161.0
1228,2019-02-22,16.011999130249,31844.0,16.011999130249,31844.0
1229,2019-02-24,15.883000373839998,0.0,15.883000373839998,0.0
1230,2019-02-25,15.928000450134,34574.0,15.928000450134,34574.0
1231,2019-02-26,15.925999641417999,38499.0,15.925999641417999,38499.0
1232,2019-02-27,15.765999794006,69162.0,15.765999794006,69162.0
1233,2019-02-28,15.633999824524,65412.0,15.633999824524,65412.0
1234,2019-03-01,15.255999565125,102859.0,15.255999565125,102859.0
1235,2019-03-03,15.159999847412,0.0,15.159999847412,0.0
1236,2019-03-04,15.104999542236,90698.0,15.104999542236,90698.0
1237,2019-03-05,15.104999542236,67836.0,15.104999542236,67836.0
1238,2019-03-06,15.085000038147,56765.0,15.085000038147,56765.0
1239,2019-03-07,15.039999961853,61270.0,15.039999961853,61270.0
1240,2019-03-08,15.348999977112,73174.0,15.348999977112,73174.0
1241,2019-03-10,15.338000297546001,0.0,15.338000297546001,0.0
1242,2019-03-11,15.274000167847,47785.0,15.274000167847,47785.0
1243,2019-03-12,15.413000106812,53984.0,15.413000106812,53984.0
1244,2019-03-13,15.456000328064,46358.0,15.456000328064,46358.0
1245,2019-03-14,15.170999526978,69841.0,15.170999526978,69841.0
1246,2019-03-15,15.324000358582001,58860.0,15.324000358582001,58860.0
1247,2019-03-17,15.267999649047999,0.0,15.267999649047999,0.0
1248,2019-03-18,15.321999549866,44445.0,15.321999549866,44445.0
1249,2019-03-19,15.371999740601002,39610.0,15.371999740601002,39610.0
1250,2019-03-20,15.317999839783,65902.0,15.317999839783,65902.0
1251,2019-03-21,15.437000274658,72414.0,15.437000274658,72414.0
1252,2019-03-22,15.406999588013,53659.0,15.406999588013,53659.0
1253,2019-03-24,15.407999992370998,0.0,15.407999992370998,0.0
1254,2019-03-25,15.567000389099,50184.0,15.567000389099,50184.0
1255,2019-03-26,15.428999900817999,53095.0,15.428999900817999,53095.0
1256,2019-03-27,15.298000335692999,58950.0,15.298000335692999,58950.0
1257,2019-03-28,14.972999572753999,86591.0,14.972999572753999,86591.0
1258,2019-03-29,15.109999656677001,72204.0,15.109999656677001,72204.0
1259,2019-03-31,15.112999916077001,0.0,15.112999916077001,0.0
1260,2019-04-01,15.098999977112,66021.0,15.098999977112,66021.0
1261,2019-04-02,15.0609998703,69931.0,15.0609998703,69931.0
1262,2019-04-03,15.102000236511,59923.0,15.102000236511,59923.0
1263,2019-04-04,15.083999633789,74190.0,15.083999633789,74190.0
1264,2019-04-05,15.086000442505,66860.0,15.086000442505,66860.0
1265,2019-04-07,15.088000297546001,0.0,15.088000297546001,0.0
1266,2019-04-08,15.215999603271001,55228.0,15.215999603271001,55228.0
1267,2019-04-09,15.211000442505,61098.0,15.211000442505,61098.0
1268,2019-04-10,15.244000434875,63273.0,15.244000434875,63273.0
1269,2019-04-11,14.866999626160002,106243.0,14.866999626160002,106243.0
1270,2019-04-12,14.963000297546001,70740.0,14.963000297546001,70740.0
1271,2019-04-14,14.918000221252,0.0,14.918000221252,0.0
1272,2019-04-15,14.97500038147,76158.0,14.97500038147,76158.0
1273,2019-04-16,14.914999961853,71050.0,14.914999961853,71050.0
1274,2019-04-17,14.9390001297,78510.0,14.9390001297,78510.0
1275,2019-04-18,14.954999923706,0.0,14.954999923706,0.0
1276,2019-04-19,14.965000152588,0.0,14.965000152588,0.0
